Title,Image,Link,Price (USD),Shipping Cost (USD),Delivery,Amount Sold
Pokemon SV9 Journey Together Enhanced Booster with Box Topper Promo Card,https://i.ebayimg.com/thumbs/images/g/4x0AAeSwrppnxp-y/s-l1200.webp,https://www.ebay.com/itm/156759169279?itmmeta=01JQRMCXBWS1P8MPTBVYGKNRRA&hash=item247f9318ff:g:4x0AAeSwrppnxp-y&itmprp=enc%3AAQAKAAAA4MHg7L1Zz0LA5DYYmRTS30nPIuofh9eqq43eQ8%2F4GovODYrTB%2B4KrLH3HsThuYpT%2BK0iVI9fJa5ciPdnnU3N2WlXvAbkIGUkvfC2RDnh7oWhFTW2eZpJThb7qPrWSWDUpYNXh9hG9ZHcEWif%2Bcnc%2FBI%2B%2F0VU%2F4iP05nYFzC0v7sPtCgLI7Xh9NSWIQwBX%2FSdU7Qm9iyEkFj9pTud9MxBH%2BCJdVOOi2%2FOn3p9kwXRlTeJAHi5q9dgb%2BH%2BAaCzTQlPmMGZQTRXq3mGHcBal2oAsP5s0QQHDVXmN1CYGGbDVgE%2B%7Ctkp%3ABFBMitazlL5l,240.27,0.0,"Thu, Apr 3",446.0
POKEMON TCG  1000 CARD GAME BULK LOT INSTANT COLLECTION NEAR MINT ENGLISH,https://ir.ebaystatic.com/cr/v/c1/s_1x2.gif,https://www.ebay.com/itm/116397108360?itmmeta=01JQRMCXBWW6WS4FQEYP0CSS8M&hash=item1b19ceec88:g:n5QAAOSwQhtnPOv0&itmprp=enc%3AAQAKAAAA4MHg7L1Zz0LA5DYYmRTS30kz6Ak0O2a3qQRxHh%2Bua0lOXgHW%2BjTZYjILytYlihwFcPm1DOopVdDRQOcm%2FoQXZi%2BIxn31wEBuduyLUFN%2BrTgx7yn%2FVX98SUps599Lx%2FB2VtdlMJNpDUrKLbvq%2B%2FLog8mwkbTi8FIhD3wdA0gwIBZ7%2BNC%2FqHqXgJhc64IoPO90wUXjr8bTZvHxao9zO1jpGa9oERjYuh52dNgO%2FHuB63mDkQZ6mbBItddsibn%2FBKDFFuIOajUhUoFhb69flldAV%2FyyXng1%2BuTatF1RIeg8pLW8%7Ctkp%3ABFBMitazlL5l,28.02,0.0,"Fri, Apr 4",75.0
POKEMON THE GLORY OF TEAM ROCKET - SV10 JAPANESE - SEALED BOOSTER BOX - PRE SALE,https://ir.ebaystatic.com/cr/v/c1/s_1x2.gif,https://www.ebay.com/itm/356715350225?itmmeta=01JQRMCXBWQV1TPV1S99GZCES0&hash=item530de448d1:g:AZYAAOSwyWBn5fix&itmprp=enc%3AAQAKAAAAwMHg7L1Zz0LA5DYYmRTS30l4rnG8hskrFVNwwYeDX0GVfXOFYQNzMytkTrHL31ABvWCVEQ88qjsd43hDej0Sj%2FuB4QIxld4V2ugoIb8YDsSjzZ%2FiV5gtd2eFenlioRHwkKR85EJ3R7D7uTjCTPkrcIHNvi5AAVPJNf6zoUtFULevYaDBX1JgrxFVUZePfbajjYiyQC3vOSxCeLmyt1EVyVhU1qPm%2FRQkyqiZfNlgEKoGidkPflF9SOntdei3yzFjjg%3D%3D%7Ctkp%3ABk9SR4rWs5S-ZQ,185.22,0.0,"Thu, Apr 3",338.0
"Pokemon 151 Singles - Reverse Holo, Full Arts, IR! $1 Shipping! Choose Your Card",https://i.ebayimg.com/thumbs/images/g/n5QAAOSwQhtnPOv0/s-l1200.webp,https://www.ebay.com/itm/176105703833?itmmeta=01JQRMCXBW8CG859YCDJHP4JV4&hash=item2900b7c999:g:mIQAAOSwIWVmM-kd&itmprp=enc%3AAQAKAAAAwMHg7L1Zz0LA5DYYmRTS30lnOHHNbKiX6R5twjYV%2FYIoKEwPHpJS41dxN23awSQnatm1yd06BNl3bUUOXzMAtVhaUwu9k65Zr6AXqaBAr8hKYLjjEZY5fvBxty2yyh82xdWfUciGVMqh%2FIMv%2F%2BxD1Zofsr%2BIEgHalb0c3jncpXfL8rKixoRLUBQSASMl1J2in5wTDthmhygsUsW6BqXAnfOz85sK1vEDWF3ht9FlYu1QBtQZ8g5lrGDywvPai7%2Fosg%3D%3D%7Ctkp%3ABk9SR4rWs5S-ZQ&var=475872291799,290.32,1.0,"Thu, Apr 3",200.0
Pokemon Scarlet & Violet Journey Together Enhanced Booster box 36 pack sealed,https://i.ebayimg.com/thumbs/images/g/AZYAAOSwyWBn5fix/s-l1200.webp,https://www.ebay.com/p/25063574029?iid=187091187074,235.16,0.0,"Thu, Apr 3",5851.0
Pokemon Magnetic Booster Box Acrylic Case! Pok√©mon Card Protective Display!,https://i.ebayimg.com/thumbs/images/g/mIQAAOSwIWVmM-kd/s-l1200.webp,https://www.ebay.com/itm/267117991838?itmmeta=01JQRMCXBW5FMVB03F7M1JJSNX&hash=item3e3179179e:g:2IUAAeSwswdn6qmH&itmprp=enc%3AAQAKAAAA4MHg7L1Zz0LA5DYYmRTS30mE0BrOLmahDN2JpjjAgWb%2BXxeT9IXE4xJwlr1c1LIaY75kTunWqH2aZ1cBPYh%2FC2TfiNLqcwhXJkykDx%2FcpTorc%2Bjmo%2BHzEg1ui072D4QaQI1yZ2vRcQR%2FQ6HIbK4YWQ1vMXaixQst4dgxA7GmtxZ8jW8SQ5c3iAQ2K%2BP3cD7PRl61hgPqLYXBvHWsHyOEDHayA1atccuNrGTOwKkEAL6o%2Buhj33JMAn0zNEQbN%2Bn86SMId0cDR9g2u8pTugtODCS%2BgAGlYMrb0VRIj0iOeyaU%7Ctkp%3ABk9SR4rWs5S-ZQ,17.0,0.0,"Fri, Apr 4",1931.0
Pokemon SV Journey Together Reverse Holo to Ultra Rare 1-190 You PICK!,https://ir.ebaystatic.com/cr/v/c1/s_1x2.gif,https://www.ebay.com/itm/335887224345?itmmeta=01JQRMCXBW98TVHPA7BM9H84JA&hash=item4e34704e19:g:jI4AAOSw8vNn6JiA&itmprp=enc%3AAQAKAAAA4MHg7L1Zz0LA5DYYmRTS30nYye%2FOpVWwvRAah5I6V2pj3AKGtMQdwdVle0Yj%2FUdlqC5cSgRjdAj7b25rJkXOraw3Iul0c5xucDFtYyMwb2aAk8XZZEGdWUZ9YrAyjyTPf1bKT4iutnNnbB1XGUsKLeK7aaFVigXOsc%2BpMTJdTUDHi5iX1%2BUFOrTjB6NK1VoRBdvZs%2FdOoffwKjYqxymcRTPc33wry8Pq6SkVsPBaWfze%2BvLbofRhPRi1wJDwlfgikFVSdANSilYEyFiZzDMYtj%2BY7g5d3qvI80E1ONh34LHY%7Ctkp%3ABk9SR4rWs5S-ZQ&var=545431612163,350.4,0.69,"Fri, Apr 4",4031.0
Pokemon Crown Zenith - Choose Your Card! Reverse Holo/Holos Ultra Rare GG,https://ir.ebaystatic.com/cr/v/c1/s_1x2.gif,https://www.ebay.com/itm/156746268986?itmmeta=01JQRMCXBWFQ2HPEVZKRW6XHEY&hash=item247ece413a:g:IMoAAOSwPmNnwns2&itmprp=enc%3AAQAKAAAA4MHg7L1Zz0LA5DYYmRTS30kMiOLsR3BlAiEcAiDQpV8d7zCTycN0bsU4q5BGTVxJZcoxuAOVBNdVZAtVCF3MbqbTc3rdXWO%2BhjC7Ur%2B5%2FgkOpnRr8YD4EtqDnM1SDm6w00jd0fPjQKQbUCH6WhBKnwNtKtELqKS6XvfU2qiIKFbtNx6MDvjABKJKQaxkj%2BYxOLCO4nSH2ZYqAG6VcdZ%2FMbvNXr2%2BJHvuqNYFMmAX39%2BSqXzIyEGSracNTlPyMUybUm2BWEgOT1629KdDZlv2ZSTA8fsj8tLLhTWTXenbt%2Fwi%7Ctkp%3ABk9SR4zWs5S-ZQ&var=458133276981,140.15,0.0,"Fri, Apr 4",1045.0
Pokemon Pro Premium Magnetic Booster Box Acrylic Case Surging,https://ir.ebaystatic.com/cr/v/c1/s_1x2.gif,https://www.ebay.com/itm/335540483638?itmmeta=01JQRMCXBWDMGJKPJT695HSNR3&hash=item4e1fc57636:g:ylkAAOSwQf9m4K8p&itmprp=enc%3AAQAKAAAAwMHg7L1Zz0LA5DYYmRTS30mm%2BgI8RuQ0e7w6r6j%2Fug26GLPDuoEYZUXj30wGUkYSIia4mQ5F9MgA9e6jgI%2BOZnpGhuDIrnvA0mToO01TvfUesjCcHnICy5g4dw%2BtiBIXanGjmH24b779KweWbI4QLhqtDFANus%2BSw3MLE%2BuDy2wbhiOML7g3tR7JTIr69LEdU7%2BYTAmciRUvt30oZUzLXx2Ao0do%2FFtFDSXg7T%2B0SmJKiyaPaF1VV3gz7XB9CI8PSA%3D%3D%7Ctkp%3ABk9SR4zWs5S-ZQ,16.9,0.0,Not Available,1614.0
Pokemon Pikachu Starry Night Van Gogh Beautiful Moon ACG Star Trading Card - NM,https://ir.ebaystatic.com/cr/v/c1/s_1x2.gif,https://www.ebay.com/itm/375495134769?itmmeta=01JQRMCXBWZWS9X4CHWF31QBHB&hash=item576d410e31:g:MmsAAOSwaJBnYgW1&itmprp=enc%3AAQAKAAAA4MHg7L1Zz0LA5DYYmRTS30mSHLDVyj0qZ72JhYELyQ1rIejvYElfn0U%2BIznhdfwsIt%2B04I5XwVYpmBDJYg6yL4op3c2h8Nw3hNG8%2FVeX05QFTBqRoJYbZPOgHAAY3UkO%2FH6pMN5n0JJ5EdJErTh4UTvg2FZiuDDoW8KJU3oX4P7%2Fs7ZJtxcQfDO%2F0%2FD42hOWeTu9QpWxPsGIXxNzmT79UVBaGCXIynlO2MyALdeefmNP9bkpI6GlQI9ExLoIunf2FtaQ0f0UdrMgsbVSGLYvQE9bRYDTfpCkvVXXr77UTFqK%7Ctkp%3ABk9SR4zWs5S-ZQ,14.01,0.0,Not Available,77.0
Pokemon Card The Glory of Team Rocket Booster Box Japanese w/shrink sv10 PSL,https://ir.ebaystatic.com/cr/v/c1/s_1x2.gif,https://www.ebay.com/itm/388132826653?itmmeta=01JQRMCXBWMTYBAN1K1HEQ5E4K&hash=item5a5e84ee1d:g:D6sAAOSwdgFn5q2L&itmprp=enc%3AAQAKAAAA4MHg7L1Zz0LA5DYYmRTS30mNi8VUrKkHhysoehhvDbYaFGX0wXmhfMjmHq8EFJ9JTgn5sWPe53PgSoS%2FAQVHy6NHFelWqOfulHYUPoGprrgMuuwlzradtnNwMUesEXjpbw77BV5lC1TWpNWlVWCugRA2eBGEx9JUKcEwnqBCxHngsPtLhvB7IqbVVxABDq%2FMb%2FR7J1rdGEXWAByug5ponJgFdhKdZ%2FEgEE%2F6dy5d9jGLBkt0GJz1aQL3qVhs16lhu9QRjlSKkLslb4t8CM0OFprzho6O2Wz%2Fdcf9jXt1aLm2%7Ctkp%3ABk9SR4zWs5S-ZQ,185.19,0.0,Not Available,1737.0
"Pokemon x36 Factory Sealed Booster Packs EVOLVING SKIES, JOURNEY TOGETHER + MORE",https://ir.ebaystatic.com/cr/v/c1/s_1x2.gif,https://www.ebay.com/itm/325248393954?itmmeta=01JQRMCXBXAJNB0PDZZHW1Y79F&hash=item4bba50a2e2:g:4RUAAOSwnLhn5wnR&itmprp=enc%3AAQAKAAAA4MHg7L1Zz0LA5DYYmRTS30l%2B%2FAjcsUYzominmGxZI4mtKcZhBBbsK8DpKXMtJ8yyj%2B8wZoiJdHWCrDCAfC1Af%2FAP6dQ9VgZSqB3pYn5QBfryWOAeGF8ksdPek2GXg6Gp05p%2Boj1POsp6fyMbD0i1vZ5MYTVgrHZs6kSRZIq54sDsJoYBHAdY056Ruz9n5ykLCQ3aiWHXOgT%2FOA5Sb5o0Uy3LmQVPMB%2FG8A8%2B4eIAMk%2FnTFetgUQm%2FdzxAynkksTYHy1nqxgFVtKr4TxjZiJgfooGnoaRf%2BDQFcBACun%2F9Yrs%7Ctkp%3ABFBMjNazlL5l,250.28,0.0,Not Available,448.0
Pok√©mon Mystery pack / Boxes! CHECK PICTURES AND DESCRIPTION,https://ir.ebaystatic.com/cr/v/c1/s_1x2.gif,https://www.ebay.com/itm/405634603938?itmmeta=01JQRMCXBXNZ2CE8X3MDQRBWMF&hash=item5e71b4dba2:g:Z3wAAeSwwiFn0LB0&itmprp=enc%3AAQAKAAAA4MHg7L1Zz0LA5DYYmRTS30kY5c0NV0BpKOhe6j3i2GDVYUpr3l7i7BuSjgItkXNxI1bHaL7pNjezH4cyBnqrC28pXbUCnP0UneNRcFpnb1GAxD8TLjoWbBfOIqtkWSc6u2RvLtakUgJHoYV7xNrjeXJufs5or364n%2Bw70b1ko%2FY37QQuDibzvC8JhykGGR3%2BEAQGnUkEn%2BMbuU%2BUx75hDrF%2Fx9RvisVTVx0rhflxZ8QL6VnVAi9AHHyKjMbtEr1BjlJ1PWCqBSmA7CWJMrC11HijRZBeDEoNQv7ItW8lULlo%7Ctkp%3ABFBMjNazlL5l,35.03,0.0,Not Available,310.0
POKEMON CARD CHARIZARD GOD PACK MYSTERY LOT/ CHARIZARD GUARANTEE  30 CARD/ RARE,https://ir.ebaystatic.com/cr/v/c1/s_1x2.gif,https://www.ebay.com/itm/116136507282?itmmeta=01JQRMCXBXHCERM03XDT6356V6&hash=item1b0a467792:g:RJgAAOSwgKJnSREd&itmprp=enc%3AAQAKAAAA4MHg7L1Zz0LA5DYYmRTS30l%2FvwBh%2FRuH0%2B7C31Z6vUL0gOwwmRHQ8CMlfXIOMgCtsl6F9j1hBo%2FlWyd1LtOwwpAwIWFYevq%2FRwvB7P4EZJRKho0uYq4QWfeFLaswkqBJIW8YUwaI2X2fTra%2BHak9HkHgIq%2B98emXXXEYPGD%2BtOOd2ifIPI8W%2F3ELnrnj72ohMPsdzZ9O4cuBZEauTDPzzx627gDK6%2FhN1osZRsxFPqKgB9Z8kexJyHCb3S8JArx%2BsHZdhXO6FY0HtF%2BOKqoqTkupTy5SSmo8I4ECXGTJ8VRh%7Ctkp%3ABFBMjNazlL5l,30.03,0.0,Not Available,65.0
"Pok√©mon Premium, Mystery Box! PSA CGC V, Gx, CHARIZARD Alt ART, Ex Slab",https://ir.ebaystatic.com/cr/v/c1/s_1x2.gif,https://www.ebay.com/itm/126857057315?itmmeta=01JQRMCXBXH89TR714RMK94JHE&hash=item1d89451423:g:A1EAAOSwkDtnck86&itmprp=enc%3AAQAKAAAA4MHg7L1Zz0LA5DYYmRTS30mwmJbzTXCKF8l0KxSk27AWTEfV0DKoe7UIdHlRp5mEg%2F3IkamSWGItbGvtMHoB6fqB5rgU%2BaFFcWPpUhDDCMCaXigewkVpdK6pLWNjW05Rs6%2Ftt1JL7pUhuc4lVVaA%2FegudF0yXU893bOZM38K7lM1ehqZJK5Ksd4YT3I8%2FdA2tEw8h4k%2BQToVVbX5gzkYo9lAbVxkLTIw592yv2VZrHnAHHXKLS1AFJi%2FQ5Rar%2FKHuxa8zfBuosOBIIUDirDkkCyhZi4NahCti%2B6cYBpRB1qv%7Ctkp%3ABFBMjtazlL5l,22.02,0.0,Not Available,4121.0
**US No Plastic Shrink Wrap Japanese Pokemon Shiny Treasure EX Booster Box**,https://ir.ebaystatic.com/cr/v/c1/s_1x2.gif,https://www.ebay.com/itm/365411879916?itmmeta=01JQRMCXBXNKS6A3D1KD65V83K&hash=item55143ecbec:g:ssEAAOSwrlZnt4sf&itmprp=enc%3AAQAKAAAA4MHg7L1Zz0LA5DYYmRTS30n%2FtM5dfAYWkFMCRr6MtBbLxr2CoFUYPQgnCNxa5FGKzXBQryZQH7bVc7fMrjNtOU09kQJrehjDl09GMq4piw6c9qNtQrJGBUW45jRkPm7Dd43%2B8RQw9mEe4GogtRVqujkhEk8kHOtGGQs%2FsTymTwZ7EQDY8PWs5G6rqFGhfVNMzCw1en56DP3axnVAizu03iRKiG163SZcCXsl%2BhBOAse6EYadjuYW9cIymdkVPHrYVYABRo3QiAxztujr%2BYrXpxd0QTxRKkyWU8x5iMLpgiCS%7Ctkp%3ABk9SR47Ws5S-ZQ,65.07,10.44,Not Available,272.0
Pokemon TCG Journey Together - Pick your card to complete your set,https://ir.ebaystatic.com/cr/v/c1/s_1x2.gif,https://www.ebay.com/itm/306207106491?itmmeta=01JQRMCXBX7Q93VTGPG6MFJMX9&hash=item474b5da5bb:g:G-gAAOSw6ENn5f0D&itmprp=enc%3AAQAKAAAAwMHg7L1Zz0LA5DYYmRTS30ljMBBJxmbLw7c33v4X%2BR4oSQwWHjZ3tp88IwVMrB1hA0AISNCXNv9BjGmgWZjq%2FHhxxF%2BoFULqKInm4NP12mYGeRAFhXFOWrj0YYNJvlWiX%2FYi%2B2pjBziwYJZ5f4ioubMS8AWJg0AymScvmqbQySD20G%2BPI4LERxGDmZ%2BVbmjC3KtOiuOZog8a9wzXAGeh9aGV72vBBT2WKKOwZedF67jbW%2B9NYPOKfbqptpxgvTr5GQ%3D%3D%7Ctkp%3ABk9SR47Ws5S-ZQ&var=605778809349,104.38,0.0,Not Available,778.0
Pokemon Mystery Pack Bundles (READ DESCRIPTION),https://ir.ebaystatic.com/cr/v/c1/s_1x2.gif,https://www.ebay.com/itm/405711665313?itmmeta=01JQRMCXBXM18P2W5GMWM8P2AF&hash=item5e764cb8a1:g:8wsAAOSwTIVn5V6Y&itmprp=enc%3AAQAKAAAAwMHg7L1Zz0LA5DYYmRTS30kKcRJ%2BUTjcZWROT9RK0awTaYtpd6%2BAZ%2FhT6MeNyDu87zYVJehBnsiumoX3OYbDoUQrhd5dcyUrb32xl8wnFXohX7lLCxxNwN6YVMbUilYpP87mXhRbxjziFWQnCXLTIUtEE0n6yZaUbcrSVcAdANVsgiebVONHclv4G%2BxlRnualfaknflCyGxHtsVIUS%2Ft9ijO8hVMCzN1gfeGOufyriBV9lGAowVBwPLG32nEcqe%2FIw%3D%3D%7Ctkp%3ABk9SR47Ws5S-ZQ,39.05,0.0,Not Available,196.0
Pokemon TCG - Stellar Crown: Choose Your Card - All Reverse Holos/ex/Ace Spec,https://ir.ebaystatic.com/cr/v/c1/s_1x2.gif,https://www.ebay.com/itm/156482511744?itmmeta=01JQRMCXBX601VM0K2RMT8JS2Y&hash=item246f15a380:g:lgkAAOSweblnIDVi&itmprp=enc%3AAQAKAAAAwMHg7L1Zz0LA5DYYmRTS30mY6f3rOU7l9zaVMxsGSJ9YX2oW0Pj0Vs7MXraD3zjuuRt2LkrstPQVFI%2FLvTa%2BsP1Uakk6oramlWS%2BFT%2Br%2FDVUUO0llV9avOgT4ZkuYzoGQ%2FNewP2iPU1UBeVaXnYkC7IQN%2F7hoS37NjzPS8C3GsM2U1ue6HHdzFZAZRrFl4Am4YZKAkLRsLRMrMvq%2B9OD2FOJOUvV3f6roEV4ndrboDMy0a0FdytdiNBEhiAhcJppng%3D%3D%7Ctkp%3ABk9SR47Ws5S-ZQ&var=458155063868,110.12,12.29,Not Available,262.0
US Seller Sealed Japanese Terastal Festival ex sv8a Booster Box Pokemon,https://ir.ebaystatic.com/cr/v/c1/s_1x2.gif,https://www.ebay.com/itm/387683926466?itmmeta=01JQRMCXBX3DJCFPEWN5MAM9AY&hash=item5a43c341c2:g:1QMAAOSw1DhnWxAX&itmprp=enc%3AAQAKAAAA4MHg7L1Zz0LA5DYYmRTS30kn%2FF7gedXQbrdxTVx8JbtGq%2BAHHN%2BaPxUZPz548gopkuogkMksw7Caqtz8tQqwBXGAu0XwFDxuVmfonyWrEXAMyE8n2DxNctblfaMhv6p%2BGbIkT6WAHn1B0SH8Z1EZUoCVvICF%2BBWRVQUnx27%2FgkEjL9F4VqrDipaIWxGebQKs0rQITXH71%2B1%2FqMTOlF5ivcpiB0%2BibHmIdQThd9XKdxnhF%2B%2BP0fxR4a7W7eVmvdu%2Fp%2ByrP8Hrk4atsud%2B1GiUM39zEALp5%2FU7pDZChQRitamm%7Ctkp%3ABk9SR47Ws5S-ZQ,123.14,0.0,Not Available,421.0
Full Sealed Box (18 packs) Pokemon Scarlet & Violet Surging Sparks TCG,https://ir.ebaystatic.com/cr/v/c1/s_1x2.gif,https://www.ebay.com/itm/356238928944?itmmeta=01JQRMCXBX7V7RWFX7JB6GNT3W&hash=item52f17eac30:g:uHMAAOSwmJ5nk03J&itmprp=enc%3AAQAKAAAAwMHg7L1Zz0LA5DYYmRTS30laregxALBWmRXHC8Bykui%2FVbgivEa5srxMpCz6jsAVHOxx4iuSZ3platjllPDanuIDuP%2Fh%2F3y%2BVlXLHcNcgzlfNhdPV%2Bng%2Fg9RzmqaNddK2%2Fz8heTQl4PQxDneT%2FlLBsUkn7skinkLrCvso0mw7P3rXTX15cdq0HX6%2BDZeZNto6c%2FObcKthRtdIGfanthqLCF35M5qd%2BYxdgWbd284QzrdgjCRyV9fgnxRw54SV4WGMw%3D%3D%7Ctkp%3ABk9SR47Ws5S-ZQ,116.4,0.0,Not Available,522.0
"1000 CARD POKEMON TCG BULK LOT GUARENTEED V, VMAX OR EX Free Ship!",https://ir.ebaystatic.com/cr/v/c1/s_1x2.gif,https://www.ebay.com/itm/116230621369?itmmeta=01JQRMCXBXSWF21HVZ6DWCW0KC&hash=item1b0fe288b9:g:9-4AAOSw74xmHvEE&itmprp=enc%3AAQAKAAAAwMHg7L1Zz0LA5DYYmRTS30mPbfAYkHyWgxkBcm4Y5YVEhmyJ70gTY1Hg6W8kh52FCFsVZxUg0Fo7v1ZAVhxjwQaqg3YS3fdR9sIuYNM26fhGrXIxQNZU8tMjXdAUt7WojdT36mUcn4JoqLPnERf0QdgtOuxJzeCQIQVCe2MDFDU0%2B%2BtVnTA7h0VHThQJthjLoxl3NpXRiaBdX1zcyU%2FPb%2FTQADSYmqrQJRdmEun5g%2FWbUiC1rPxvJ3HwXGPmehccpA%3D%3D%7Ctkp%3ABk9SR47Ws5S-ZQ,40.04,0.0,Not Available,401.0
Pokemon TCG Journey Together ENHANCED BOOSTER BOX CASE Sealed 6 Box IN HAND,https://ir.ebaystatic.com/cr/v/c1/s_1x2.gif,https://www.ebay.com/itm/167353599346?itmmeta=01JQRMCXBXF6W437Z3MADH88SE&hash=item26f70d4572:g:i5gAAOSwrfRn4uq5&itmprp=enc%3AAQAKAAAAwMHg7L1Zz0LA5DYYmRTS30mlG6Hf1VqTnLLeTNswdjjsT01MC%2BRNFAiFOADdcRjCug7jXQlLaSxmnS%2FP%2FYHU7IfnSc70pbetR%2FtzrAAHYvsDt98m6tTWnIkGA7Jdn3B%2BO7HZqIgi0aZcRzQB4WhKO9bABtp93DeNkAooYzFpIpsQeZNwjuhiVJuQubL26VT7u5EtAlXxJaNNA7uN6RX9NJ%2FyglX8lB5coaKYohoP3rUVSmxTAIjhhx1QUb%2F%2Bnf6k5g%3D%3D%7Ctkp%3ABk9SR47Ws5S-ZQ,1376.57,0.0,Not Available,172.0
Pokemon Crown Zenith Reverse Holo Cards Sword & Shield NM - Pick Your Card!,https://ir.ebaystatic.com/cr/v/c1/s_1x2.gif,https://www.ebay.com/p/19058598391?iid=127009470825&var=428159570082,1.5,0.0,Not Available,8111.0
-Set of 2- Carvanha/Bellibolt Checklane Blister SV05 Temporal Forces Pokemon TCG,https://ir.ebaystatic.com/cr/v/c1/s_1x2.gif,https://www.ebay.com/p/23059635329?iid=186785412245,11.01,4.41,Not Available,95.0
Pokemon Scarlet and Violet Paradox Rift Build and Battle Box Set New Sealed,https://ir.ebaystatic.com/cr/v/c1/s_1x2.gif,https://www.ebay.com/p/7063315057?iid=167367651100,23.91,0.0,Not Available,249.0
Pokemon TCG Chinese Horizons Gem Pack 15-Pack Booster Box Sealed 2025 IN STOCK,https://ir.ebaystatic.com/cr/v/c1/s_1x2.gif,https://www.ebay.com/itm/286344104523?itmmeta=01JQRMCXBXFVJ0MW67NEBTXND6&hash=item42ab704a4b:g:vfMAAOSwJVBntfxC&itmprp=enc%3AAQAKAAAA4MHg7L1Zz0LA5DYYmRTS30kI5sBeDCSV8WvHqpW0R1E62afnMEMpaf34lMQiehDdw1OwBzCyctPC7ZoebzrCkiLadR36DLXvgnP32yKPKx%2Bu%2Bf520ax8%2Bu3GmdHPonOM3m8vgGbieqX%2BnA60v8m0QJoYljE5OSYZSonMotSbPgWGq%2FNsp1YIu9XhfxxkLPVE0KZqyLxIxNnYBfYFgEdTi%2FLF4B%2B%2B79m6Z%2B%2BKKchcJMkXQ%2FTGPCQp1nz5eCTGdSkHe9Xuvn4VaJScVjwt1D3y4xAIhDfkaW8rBwRfDHFRnuWv%7Ctkp%3ABk9SR5DWs5S-ZQ,19.61,0.0,Not Available,1474.0
IN STOCK 2025 Pokemon Chinese TCG Card 151 Slim Booster Box Gem pack Sealed,https://ir.ebaystatic.com/cr/v/c1/s_1x2.gif,https://www.ebay.com/itm/286277769165?itmmeta=01JQRMCXBXKHDZ11GQWQ1YEG4Y&hash=item42a77c17cd:g:bDcAAOSwjD9nkP9P&itmprp=enc%3AAQAKAAAA4MHg7L1Zz0LA5DYYmRTS30kNJbPo3gkJpiQUGTYxjvr4JeyfVuEkry4FZ35G78fdps1bwY%2BjmSAsonxhWRebcnUu7vkf%2FWBybsIxGTakfKcPX8qjGhFWY%2BOkx5eiaGNlCTthXOnlxdpKytrinu4rNn%2Fnco1%2FpmRpG9goJ7CJGOcRD3GaB9vCEWLzR3jYlG5RWVlvgqWEHSxNfbFL6%2FYDxbh6zIcLJA3o9LL1dbCq2Z21WQtUZyAOzoRMrLpKflJEhgC%2BTs2%2FnsBJEf7RKf2z464s%2FDoZUPTdm27ADkAe4vyd%7Ctkp%3ABFBMkNazlL5l&var=588414755305,89.99,0.0,Not Available,140.0
Pokemon Mystery Boxes! SEALED Products ONLY! BOOSTER BOX GUARANTEED!,https://ir.ebaystatic.com/cr/v/c1/s_1x2.gif,https://www.ebay.com/itm/186044408742?itmmeta=01JQRMCXBXDP3FFAZS8B5AQMBN&hash=item2b511c63a6:g:wQcAAOSw9fBi7A4R&itmprp=enc%3AAQAKAAAA4MHg7L1Zz0LA5DYYmRTS30kCeXmPrlxSpPY9Aq9EmD9szhMlcsgnoXvlOSTqpLmP41miU%2BlOPFd4i9K8ewguQUOSYpbClvwky%2FhiWo7UDLrZ3mHV3HirkyhF8pkroT%2FL9OR6hZIjbTGEvK5co51wytWSg9bvDkIV0y4Lde8pKuhp1bFdXRKzCcZNyvrk7WUZggCviVxCdbmgMA3qou9Tmo7xy6mDWZ8CZI99L8HxlE1AL3MvoX9JR%2FTFUluni05%2BfxLJBlwXQZN%2Fnf3n5JEVF2abQ9dCORVtJN2oUlTPMHz8%7Ctkp%3ABFBMkNazlL5l,170.49,0.0,Not Available,674.0
50x Pokemon Card Bundle TCG Rare Holo 100% Genuine Pok√©mon Cards Collection,https://ir.ebaystatic.com/cr/v/c1/s_1x2.gif,https://www.ebay.com/itm/295993904979?itmmeta=01JQRMCXBX8BQSBEYTE6051XWV&hash=item44ea9c8f53:g:d2AAAOSw2QNkzOTn&itmprp=enc%3AAQAKAAAA4MHg7L1Zz0LA5DYYmRTS30n6k84np5jl5ldcRU7f1pKr610%2B9vBR0uzizZCMzmh6yF6GDLWZRYIVUryazazZStM7UVi37xRlvKADucmX0biskgSZzpbQPoG9Gc%2FLIGxEqJwTZxoA9qXvxePYrLA0MGrCEuYO4GL1od%2F4KRWB0rMNN7nyEIy0TpD8gPRmCTCUKTvNU4PTdMQW43gjkLhYNVq3ExvVAdQ9uDdUlWSkVB7rDzYUZ4YjaqBbwDMdaw9xiLWBGzIexX3alchPhvHjK%2BpzawSUEO7HPoGcSsPcOTki%7Ctkp%3ABFBMkNazlL5l,6.44,0.0,Not Available,57.0
Pokemon Card Ethan‚Äôs Typhlosion 070/063 AR sv9a ¬†Heat Wave Arena Japanese P-238,https://ir.ebaystatic.com/cr/v/c1/s_1x2.gif,https://www.ebay.com/itm/235998037748?epid=25075802510&itmmeta=01JQRMCXBXT2XWP875N25AP2V0&hash=item36f29446f4:g:Vo0AAOSwXm5nzwnA&itmprp=enc%3AAQAKAAAA4MHg7L1Zz0LA5DYYmRTS30kBEewaiV6ERBdPnUkg6vwbM%2FQXZ5KI1i9nBScRN2EI3ClrzMIqJRNLlB9vEO87qj%2BWOZc%2B1q%2FLNjpYbrXt3e2EOi2xH3QkJTBKE4mD7RYxGxNwV4m%2BMnZsBEaZbow1PGryTIVUxjRmXmF4CJa2wNPYUY65tjAfCNhqrE9Hpi%2F2jH0BItMocHaFHR2qPJs6sWehI979M2aFUJ%2BDDnABo%2Fi9eHq5R46%2Bt%2BhZ3POfXG9HgBbU2eOdvjYtFJ8JN0VSpLrXvB2DplIzUVm1r8ot8F0N%7Ctkp%3ABFBMkNazlL5l,24.83,0.0,Not Available,1022.0
Pok√©mon Premium Mystery Pack! 1 Pack + FREE Card! Sword And Shield & XY Era!!,https://ir.ebaystatic.com/cr/v/c1/s_1x2.gif,https://www.ebay.com/itm/197137430014?itmmeta=01JQRMCXBX0XJR8NBKC24PQJ38&hash=item2de64e75fe:g:CyQAAeSw159n0l~T&itmprp=enc%3AAQAKAAAA4MHg7L1Zz0LA5DYYmRTS30k7ty7YvkZO8WdxDM1d4w5bd8YnugN%2FSjud96LlnpTDWWwMqEEkjqa4x295YSwWMN3G2mZ9XT0%2B6Ltb%2BBMRyQ9aJS14WUrljA8pJ2VhUEOk6zeqmOyp7dEfOvXbeBKyqyaYTpSkSOoBnk%2BGUFUzWXsrWGlW2OvrybuWixedgmb%2BIcgLugByoWTAY59Z8Nfbs5H4B8Taj%2FxZCL6kWxEVVtHRi5JRJoXOfRPIwuwnrh9%2BHNIE9HG9l9UZb1Z6f3ORvK0BPAxyDB6tsh8qtUkxbA%2B5%7Ctkp%3ABk9SR5DWs5S-ZQ,6.0,0.0,Not Available,112.0
"Pok√©mon TCG 150 Card Lot 2 Ultra Rares, 15 Holos, 5 Rares, 130 C/UC!",https://ir.ebaystatic.com/cr/v/c1/s_1x2.gif,https://www.ebay.com/itm/267124835019?itmmeta=01JQRMCXBXN0CTMPVP5C9EHNMX&hash=item3e31e182cb:g:avIAAOSwrMRk550S&itmprp=enc%3AAQAKAAAAwMHg7L1Zz0LA5DYYmRTS30l6FyYhgZDRJ9e1JDRm7dlGOkzCOu%2Fh3afF5QalYzQS3qK%2BYCJ6T00OmwVVf9E2yMP6ST35y%2FrojNAqnbyxkokADGz3EweYgEIdHxoQYVMv%2FuK0yuZOKZDfwMZ%2FdB%2Bt19HF7xguOXSdzl24gO46aebv7jO3WBak1EGTeZJtbvxgRwFJeXeTxhEhR6Jvdx%2F%2BWwmiYCyi4jk2RwXest3YJ9DCbf1%2Fh54iah%2BT9VvTceHYNQ%3D%3D%7Ctkp%3ABk9SR5DWs5S-ZQ,14.01,4.9,Not Available,269.0
Pokemon SV09 Battle Partners Sealed Japanese Booster Box USA Seller in stock new,https://ir.ebaystatic.com/cr/v/c1/s_1x2.gif,https://www.ebay.com/itm/167292484356?itmmeta=01JQRMCXBX9A3BZ586K0GHFGDJ&hash=item26f368bb04:g:VU0AAOSwKBFnmTn6&itmprp=enc%3AAQAKAAAAwMHg7L1Zz0LA5DYYmRTS30npiVaIB71kvWcZ0LU9sdvc4jIPl2v%2F8d2rHrBYfgNx%2F%2BfPBUQhm3PuezD2d7OqxxuMgNMIRdVKk2IMR3w1TEiWO4pfqzNg5pqlNdWRm20sGY9rWkvAsbEPZYbR7sqoNIothPUjLQjy2u1S49Xse8ZXE3yXVWjEGpBCnZn52%2FAIX9CRs74%2Bpbln6BBSmhd8J%2FC3mHgnVn2yDH9G4I2%2BYsD9Iqv0DFWbGvosgUVvBxdlZQ%3D%3D%7Ctkp%3ABk9SR5LWs5S-ZQ,82.98,0.0,Not Available,498.0
Pokemon mystery pack Graded Card Trainer Theme (Read Description),https://ir.ebaystatic.com/cr/v/c1/s_1x2.gif,https://www.ebay.com/itm/405711664834?itmmeta=01JQRMCXBXY6Y1NM7EJJMDFQKK&hash=item5e764cb6c2:g:7usAAOSw~CNn5WAY&itmprp=enc%3AAQAKAAAAwMHg7L1Zz0LA5DYYmRTS30mLCiY0Sf%2BcYA9ZVvTPOEOWdIncD%2FIgnRZYf1UNS7tHtd9sUu%2BcuXFmIO2OAMJqqjkI8EcaxZRR3RS4Uu8nEYzkCJTE0bJfsUFkir4FgyHvkPhv7%2FjZUHTnFetX64ErqEDftRNhM60KX5ObBj58zj%2B01Hh0HY9ic8erGH2zcGJ%2BAUi2A9ChI0zkET7z6sJNX2YsNR0P3XMwvR3vcumILrulHdGjlmVY5ZuZMllv%2FAXYYA%3D%3D%7Ctkp%3ABk9SR5LWs5S-ZQ,60.06,0.0,Not Available,1666.0
Articuno [AR] 102/100 SV9 Battle Partners Pokemon Japanese,https://ir.ebaystatic.com/cr/v/c1/s_1x2.gif,https://www.ebay.com/p/4074590042?iid=235927427799,9.7,0.0,Not Available,143.0
"Random PSA/CGC Graded RARE JPN/ENG Pokemon Card + BONUS (read desc), Mystery",https://ir.ebaystatic.com/cr/v/c1/s_1x2.gif,https://www.ebay.com/itm/396247049381?itmmeta=01JQRMCXBXAWKWH1W701ZWS9CV&hash=item5c422a24a5:g:IsoAAOSw3jlnvmEG&itmprp=enc%3AAQAKAAAA4MHg7L1Zz0LA5DYYmRTS30kWFd7UiYUVfmQM%2B%2FPwAnYqT9IsTAzA%2BlwEj6du8%2FUlE7CQA4M%2BHvhj2a2wjq1iiITqfgAWFC6zDnJ6P%2FuoOTyNV8IlCgf%2BXpaTtbhArFJUUWmVTHX6amSUYUSvX0iy7RrrAXFM%2FIy35%2Bmbl9kVgQUSoX1dQz2cFPex%2Fng7hL5oznapqsyL7MSSMnMeWBYEciIhbdF8g72s8rNZiVjjWEp2WWlKFgFl4Az0BMaTcTXOnqQ1bJuD1tJeNTThNqkGP2U7b0H%2B1GmToN9GifZDiRzS%7Ctkp%3ABFBMktazlL5l,20.01,0.0,Not Available,1937.0
Pokemon Card Lot 120 OFFICIAL TCG Cards + 2 Ultra Rare | VMAX GX EX VSTAR OR V!,https://ir.ebaystatic.com/cr/v/c1/s_1x2.gif,https://www.ebay.com/itm/296837184495?itmmeta=01JQRMCXBYVXF5WFFPAHDXA8JE&hash=item451cdffbef:g:N-AAAOSwh~ZnQ7gQ&itmprp=enc%3AAQAKAAAA4MHg7L1Zz0LA5DYYmRTS30lIEPqB%2BTL5iaauaRjaqi0QJIxBMV1fSZG3xeAv6YQCaYtuPiBzHevXKwUPey6YScqikmUTrNw74x7yWjMDEfgK3SnYme5PWqstzSe1c7U1PH%2FPrP00axsM2SJsJ5BhKLW6CMLIBLld%2Fr8blieCzJ0te0YSO%2FyedMjPgKFnYmZclAwo1kmRwGM2wrgNUA0iMLluHA9Uy18xekxBH7iJOFgxk91zeGa02XctsGjB%2Fnk9YN2U1XuKpm8sM2TodM9E9lc70LhzAwQGUeMwSByaWLCA%7Ctkp%3ABFBMktazlL5l,42.55,0.0,Not Available,827.0
N's Reshiram AR 109/100 sv9 Battle Partners Pokemon Card Japanese,https://ir.ebaystatic.com/cr/v/c1/s_1x2.gif,https://www.ebay.com/p/15074590299?iid=316155168554,16.22,0.0,Not Available,34.0
[1 PACK] Heat Wave Arena sv9a Pokemon Japanese Scarlet & Violet [US SELLER],https://ir.ebaystatic.com/cr/v/c1/s_1x2.gif,https://www.ebay.com/itm/167398638788?itmmeta=01JQRMCXBYZPBN3Z9ZHW68WF4B&hash=item26f9bc84c4:g:8ycAAOSwSxJn1yoy&itmprp=enc%3AAQAKAAAAwMHg7L1Zz0LA5DYYmRTS30lUe5vpK5641nB4R9%2BsNPByT3BmkvklNbScnytBKiVic63H9A1b1PbY4yZQUDyRGrNAApRPtae0O85top%2Baf44voDKEMSXmIqEcqs5xcHqDqfsmGe9OYjLLNy2XDBICnFat1UFMGQjkrKbaqCydN3UtAhv0Ln75T%2BIZsu3ALAh4sQjJ3uqFTqE%2FXFRsArbsWOnXwwdz19FdFLTz6SfH3tePF34geXEg5cX7CMWxLT%2BBPQ%3D%3D%7Ctkp%3ABk9SR5LWs5S-ZQ,3.79,0.63,Not Available,123.0
Pokemon TCG: Gemstone Gem Pack ‚ÄúHorizons‚Äù Booster Box (Chinese),https://ir.ebaystatic.com/cr/v/c1/s_1x2.gif,https://www.ebay.com/itm/235916826917?itmmeta=01JQRMCXBYQ0CBNXJDSHN5WVBA&hash=item36edbd1925:g:aXIAAOSwjVdnlZqL&itmprp=enc%3AAQAKAAAA4MHg7L1Zz0LA5DYYmRTS30kdq7vFWLhbU0%2B3WGEsVnjk%2BHKcMOihspXpKqu6Aim09SVPU3QMXG4lUFVYvykSVKZfXycOrzU0OnWw1ZNO3KAomMzLFEYwP5GrAuA%2FyrEldkYn4eX0M3of%2BeQrKpojCJ11bNj%2BCKN9AUlXVU74qJ%2BBLhVMB5XlbiaZnzppyVb8B3vcRuP09xmCmqugyWxM60hB%2B28jxHOrMm1b4eJb9EXGagUtO0KtB0VLpujtEvYsC4mD7Q7KUSuSuYnBFPgrw0lJ0iBBqGhewKPDv7Z0Srdn%7Ctkp%3ABk9SR5LWs5S-ZQ,31.38,0.0,Not Available,1560.0
Pokemon TCG: Scarlet & Violet Twilight Masquerade Factory Sealed Booster Box,https://ir.ebaystatic.com/cr/v/c1/s_1x2.gif,https://www.ebay.com/itm/167377364229?itmmeta=01JQRMCXBYV40KTMHZPQC2T562&hash=item26f877e505:g:Zu4AAOSw6xVn0b~W&itmprp=enc%3AAQAKAAAAwMHg7L1Zz0LA5DYYmRTS30nMwYkKMhps6bN8Td%2FCa5vL1cgE0FQ%2BlLGGyLgjNI57A%2BvCVgEwDWbJsUQLiNAo%2B95lkeXxTu2QoOppw7m1dsHP7vcr6TcxbIifwF9UrTLXYB%2FFu3JdkMntNztsqVEmXvmOhR3nnvoyRjJens9NqrR955rS1Egy9BUTKucXQ8Osdb4O9vejZ3APHvTw3fsbNXJIWd%2BSwaw455r7cRYjKHMGHiMOrOE6IRBql%2BnbGKbQbQ%3D%3D%7Ctkp%3ABk9SR5LWs5S-ZQ,210.13,0.0,Not Available,1393.0
Pokemon Elite Trainer Box ETB Plastic Protector Case 5pc,https://ir.ebaystatic.com/cr/v/c1/s_1x2.gif,https://www.ebay.com/itm/185512533785?itmmeta=01JQRMCXBYBX4VRKTEH3GV009F&hash=item2b31689f19:g:CvwAAOSwiClh0hXz&itmprp=enc%3AAQAKAAAAwMHg7L1Zz0LA5DYYmRTS30nEn2C2FGouad7fnbBkBis%2BNtijuJue3t96MT5ztZW9%2Bkyfe4NHvk8tW5lqmFTcXlQPgflnrYGINPBteBtgMgwgrI2M5GAF18cG1xDsqsB9ECMHgb7VM8%2F92BtY8y8vyKbl8YW%2BvAyFvjgcL0I3IEU3xA069S9R5jXreCxu%2FLv3nOzM8HFTmswzC%2B324pOQCuTsH8BVfGIZ64TN20xLUqOX%2FL5kTPWiibRLGPI%2F%2BgSwEg%3D%3D%7Ctkp%3ABk9SR5LWs5S-ZQ,19.99,0.0,Not Available,292.0
US Seller Sealed Japanese Battle Partners Booster Box Pokemon SV9,https://ir.ebaystatic.com/cr/v/c1/s_1x2.gif,https://www.ebay.com/itm/387866381356?itmmeta=01JQRMCXBYYT8HKY4NFJE2S469&hash=item5a4ea34c2c:g:VaEAAOSw0vBnnGSq&itmprp=enc%3AAQAKAAAA4MHg7L1Zz0LA5DYYmRTS30mwuYr9h%2Fx16LpN7%2Fnkum7mQkWgteGrDAqY%2BwoMFY2F1xRUY5qMeXnf2IhTtwa89uiJBS1i1XigE8mxtX%2B1BAbGAzYVpXmAIJAPKOmE5LqDEOprzb3DUW1DfVfpRStGXRcSQdktjFUSls7pA6DjoGp6IsUZIqDadyzuNBcEJvZIbwd%2FJ4PrFaj3UxZl%2BSU4FZs4UYU%2FEnnOg9YCjE1r69XWra1jgSe%2BluFQE7lGLjr0XyAF5%2FtYv61D%2FlniA2OaG6ZM5siZvzzWA4IvO8BhOWDg%7Ctkp%3ABk9SR5TWs5S-ZQ,90.1,4.89,Not Available,305.0
"Pok√©mon Scarlet & Violet-151 Choose Your Card! All Ex, Holo's, Full Art + in NM!",https://ir.ebaystatic.com/cr/v/c1/s_1x2.gif,https://www.ebay.com/p/28062931363?iid=404838293831&var=674886009761,270.31,0.0,Not Available,149.0
Pokemon TCG: Crown Zenith Tin Set of 3 - Galarian Articuno Zapdos Moltres SEALED,https://ir.ebaystatic.com/cr/v/c1/s_1x2.gif,https://www.ebay.com/itm/187089482390?itmmeta=01JQRMCXBYBPTYNY7QFS29WP3F&hash=item2b8f66f296:g:8tUAAOSwU~5n002-&itmprp=enc%3AAQAKAAAA4MHg7L1Zz0LA5DYYmRTS30nz4U6iTHBy6xX7ftFYCCSek48eo%2FQsd3JEqt047ZfupwaTtn%2FLIMTGN%2FhUxO67z7%2BYzn7W25p6%2FraeiRivT3r2Oyif2XCs%2B%2FxyV7%2FsttnbAyfl4wcN%2FLpkhv2kqdoQF%2FMAoFMkCV1x94sPtJmv8FZytes3b5hErDAtI%2B%2FnC723xg%2FZw8tbG1%2FhknTzAIpusTnzI8lr95Vh7IG5UgtjZvBn9dTDVTjyef4OYbIlg2gzWejYW8%2BINHsonZDkNLfrcRAnQCT8sIj3l8bhPESkJG%2Bl%7Ctkp%3ABk9SR5TWs5S-ZQ,130.03,0.0,Not Available,1761.0
[AR] Heat Wave Arena Full Complete AR 064-075/063 set sv9a Japanese Pokemon Card,https://ir.ebaystatic.com/cr/v/c1/s_1x2.gif,https://www.ebay.com/itm/396316376518?itmmeta=01JQRMCXBYHFPQQP69BDVRBAMR&hash=item5c464bfdc6:g:Nq8AAeSwBXxn0yk-&itmprp=enc%3AAQAKAAAA4MHg7L1Zz0LA5DYYmRTS30lORaUFV01sfVnni3pPhgeZMzTFr1Mqh%2BVvZrwMjIZgUcvXRQQbQV3fKa1nl3wdleDf5NuLVexzZSd8pOfGeVSdCCQQv7G%2BayeG2982tcX68rM9hMW2PKPZvt9bXeu1aWrIo4Gccm8NTxHYNrJSgiv9RAC66giFgWhbPm82jH1sy3Ujq%2Fal6ljtY3IbhEYYfBknpqBYuSMJOfWEecoggaliM8MrhKmtwJ2fEK24SaSirvrlBtoK7FMWP8QueUZ6%2BobWv8Xh3II0wqVuQ2rlDx1i%7Ctkp%3ABk9SR5TWs5S-ZQ,105.12,0.0,Not Available,2022.0
1000 POKEMON CARDS Premium Collection Lot W/ 60 FOILS & RARES!,https://ir.ebaystatic.com/cr/v/c1/s_1x2.gif,https://www.ebay.com/itm/145309888550?itmmeta=01JQRMCXBY0VSTSEP6Z0Y5RS0J&hash=item21d524f026:g:3TcAAOSw8PFlJJNQ&itmprp=enc%3AAQAKAAAAwMHg7L1Zz0LA5DYYmRTS30mXKDZQzcCus%2BObAu5PaW%2FxmSjbRWscr4zezCI001tI4IZ1yqG7OOdTQMhSFpJt21zpXMDHnFbBXZOwzre56EEoWGaGVbNn5WBCSceVqe17pnTFqUQIsj%2Bbgxet8urCxZzNi8CbI%2FqI8kmwDSCbxWrHTc1yuOYKujaRlQaqurf0pIkH23TOvI64t5kkg5%2FjRnGNKx8zwnH4uXiacgTE3K8xA5sbNZJ%2FXKRq5me3FI0Iow%3D%3D%7Ctkp%3ABk9SR5TWs5S-ZQ,43.0,0.0,Not Available,405.0
Pok√©mon Mega Pack: 10 Sealed Variety Booster Packs + Bonus Insurance Singlesüî•,https://ir.ebaystatic.com/cr/v/c1/s_1x2.gif,https://www.ebay.com/itm/305796728638?itmmeta=01JQRMCXBY1E5QPPNZRF71CP65&hash=item4732e7c73e:g:I3oAAOSwwwRm7wgA&itmprp=enc%3AAQAKAAAA4MHg7L1Zz0LA5DYYmRTS30lYK3CViOySTLTHMKSP%2FMhZASzLvZkpUG%2BnIzy%2F93fo5C%2Be5QhvNSsu48nqRqNUMtdzDRO0jO8YB4AcBpJNp5NiPDYUBFdr2kfU6Y5u1ur1js07YsV%2Ffw6rUwXR68kir5QrpMiPOC2VM3Ohz10QGusgHnFWrAdvcUvNMF%2F%2BGI%2Ftj6%2F5HOUTfHBUxTR6jAWCDfRcmNFMboWPQTdyN%2BhlaMCqKrUtu6J35J5BIPYnYomJ92eTUuYHmPbHQkFZkp51MzORtOys2ySSRGheLt%2FaPFJ5%7Ctkp%3ABk9SR5TWs5S-ZQ,30.03,0.0,Not Available,53.0
IN STOCK Pok√©mon TCG Collect 151 Journey  Horizon Gem Slim Booster Pack Sealed,https://i.ebayimg.com/thumbs/images/g/yt0AAOSwuWVnjgYx/s-l1200.webp,https://www.ebay.com/itm/235921830709?itmmeta=01JQRMD21ZBZQATBD0KA80M51J&hash=item36ee097335:g:yt0AAOSwuWVnjgYx&itmprp=enc%3AAQAKAAAA4MHg7L1Zz0LA5DYYmRTS30kbFtFmb%2FBBUrwuJCybvTgeSBfaXIpQqjuyCuLUDZQX8ECmX1ecfOFFN%2BXTWp43UoKHEqt1WKCyHdEUgZk9ajqY2nT101vnPmIwK9zEZYraVCTq0YuVhKxt52djD8Up4deYZ1ZXGR9Cv3WValDnTcQx471eHntsO7uxZYUszgLoZUyJmoyfRE765mnCzWni2dftoISLXhlj4YhWzTQRvO--uGh0J5n6HHtt3nX8VvSbfy00uASElBSTfAuDz4cydZzc%2FvMBvvyIkKx%2Bvdxut18I%7Ctkp%3ABFBMkqG0lL5l&var=536357476039,91.1,5.0,"Fri, Apr 4",472.0
Misty‚Äôs Psyduck 063/071 AR sv9a Heat Wave Arena Japanese Pok√©mon Card P-239,https://i.ebayimg.com/thumbs/images/g/BwQAAOSwjDdny5xl/s-l1200.webp,https://www.ebay.com/itm/235994613848?epid=20075815137&itmmeta=01JQRMD21Z0E13BGFX10NGPAAY&hash=item36f2600858:g:BwQAAOSwjDdny5xl&itmprp=enc%3AAQAKAAAA4MHg7L1Zz0LA5DYYmRTS30kOloIKh01FOdc1cWtHogzNas2GPoJPl2F%2FSBNirmFbAxlPOxQS3Ig%2FnoLRRghjh6m5M6wlzmBV9asgfamXk3rGpQIzpe2QP0EEnSRto2fmG4ZNwPdrTgzaQxdw%2FIF6b3%2BaEdCGEt36YaZKjjSUfzmKKd8eMNNh3MND84F5JRvVCl7jk3JLsA%2FgIvWtJ1rqO3FQtOygGtjVQ15vD8AJDLLHJIYpyqE05t4NvPMaPFumWkwuYo4RIeExDXP9JdP3Wu9vPtl0nChJP4l5LIxVHRBs%7Ctkp%3ABFBMkqG0lL5l,32.86,0.0,"Thu, Apr 3",191.0
Rapidash AR 069/063 sv9a Heat Wave Arena Pokemon Card Japanese,https://i.ebayimg.com/thumbs/images/g/t14AAOSw4oVlcOuS/s-l1200.webp,https://www.ebay.com/p/12075797587?iid=316490288472,5.71,0.0,"Fri, Apr 4",170.0
Pokemon Journey Together (SV09) ENHANCED Booster Box Brand New Factory Sealed,https://ir.ebaystatic.com/cr/v/c1/s_1x2.gif,https://www.ebay.com/itm/335880092572?itmmeta=01JQRMD220K0BVAT98PJYANCBR&hash=item4e34037b9c:g:V1wAAOSwuGRn4ydb&itmprp=enc%3AAQAKAAAA4MHg7L1Zz0LA5DYYmRTS30m4l8RFGPDKsKFfxFyPBhWxY3mmQmIU13BfxYYsYv6k4EZ51hZOF0YVNTrl7wF1a8%2BhjkdvxubZOXlqH6iSLl31b2NF5E%2BvohbkXd%2Fak4dgwbV9yBUreUTDooswnYeCQJGQJ1QgBuUilK6DZP1R3DPKgoIFlWuoqlvI%2B8oRQK1l4unhc5h3Jf2qE9VLuT7uUQ9Yp3udIEWXwrfDQG80aw1Yr0AY%2FkhzNmgOIvP62vGBREKUpcq5vIo24HW42FZ78nmUZ4IFz%2FmLfLQeavofZ1vk%7Ctkp%3ABk9SR5ShtJS-ZQ,250.28,0.0,"Fri, Apr 4",85.0
N's Reshiram 167/159 - Journey Together Enhanced Box Topper English (Sealed),https://ir.ebaystatic.com/cr/v/c1/s_1x2.gif,https://www.ebay.com/itm/187081992912?itmmeta=01JQRMD220GQH59K4DPME9F6QJ&hash=item2b8ef4aad0:g:ucQAAOSwC2Zn4c2v&itmprp=enc%3AAQAKAAAAwMHg7L1Zz0LA5DYYmRTS30kAeC9JG1PWl%2B2XMIwpgH%2F%2BJf1L1m1b6joPzT64nN2Q8mk%2Bi%2B9JIPwpe4ae8duX%2Fds3q%2B1w4YD5n9iJUFOi2zJDmTKoe4ZrLqrYQdmuqhbrAUBz%2Bs9ZMYEpL24Z1JfPyY4GRHLCTTOgRgJ1jPRp3xepJH%2FCc1vOgnO4OiQb%2B7883GX8XLI%2F0%2FMxdBw60nyz15iKke3r8DE45lb4%2FhD2p%2FpCDDFLwP0mXYqJwolH9gfnsg%3D%3D%7Ctkp%3ABk9SR5ShtJS-ZQ,45.02,0.0,Not Available,316.0
Pokemon Card Heat Wave Arena Booster Box sv9a & Promo Pack Japanese w/shrink,https://ir.ebaystatic.com/cr/v/c1/s_1x2.gif,https://www.ebay.com/itm/376068436471?itmmeta=01JQRMD220R3CKWNEJ8CYMR2FE&hash=item578f6cf1f7:g:RygAAOSwQ4Rn1Ckf&itmprp=enc%3AAQAKAAAAwMHg7L1Zz0LA5DYYmRTS30les3O3jptcZ8qDbTnPBcsnYlIvoGXXAKrKryKInH4EeTSQHcPas9FFzGfmWq20UExbLN6Re%2Fd22t%2FjoeNZYJkA6xOr94PfMJelEP%2B%2F4Wv05%2ByFculrONhY%2FcrJDmukSTz%2BY4BmtcePHfm6qao9g50p7rROrPiGiRgb98ZxBcn7A1Wye1y62K2BqqhE0RDfQDqmeTEDSbt3b8TE7lXbi4xnbvg%2BWpjKdB6TsR0KKN8t4w%3D%3D%7Ctkp%3ABk9SR5ShtJS-ZQ,130.13,0.0,Not Available,659.0
Misty's Lapras AR 072/063 SV9a Heat Wave Arena - Pokemon Card Japanese,https://ir.ebaystatic.com/cr/v/c1/s_1x2.gif,https://www.ebay.com/itm/316490415313?itmmeta=01JQRMD22091PYA3DZ0FM1T636&hash=item49b04c7cd1:g:8QAAAeSwtYtn02oe&itmprp=enc%3AAQAKAAAAwMHg7L1Zz0LA5DYYmRTS30k1bHF5v5QadtFiUqF1hDgXiASBmRFlXjMtulKDiE6SUZUutb0DYDrjMngI953K38rU2PWQQ8iGC0y2Q1qjaWIggfeAwIwx1CNLluJ%2BN7DSEgYQb8W%2FUw6yQnjuccDxcNy02TgOtaNxaiBR5oEmg3AJSxvmYvuR1P%2BIfi7s9Z3xaOROpQIGb0ATO%2FfytnVM8ZliP3pa5hbElFei6iAk5%2Fk0e7%2BzO1bM93k%2FntaUHe440A%3D%3D%7Ctkp%3ABk9SR5ShtJS-ZQ,15.82,0.0,Not Available,150.0
Pokemon Scarlet & Violet Journey Together Booster box 36 pack,https://ir.ebaystatic.com/cr/v/c1/s_1x2.gif,https://www.ebay.com/itm/186917064652?itmmeta=01JQRMD220B9J0AQQ8MYEPQYSA&hash=item2b85200fcc:g:PO0AAOSwgNxnmQ-O&itmprp=enc%3AAQAKAAAAwMHg7L1Zz0LA5DYYmRTS30mEJbW5P8IAKveuZ9bo0P3PZyM2FZw8KgmcF2eQ%2FyiZDW2Nl%2FVqpLwz3FZJVnX%2FXWcxlN3HErLm7enNAJgFtxxWoZuQJMiHreeSd%2By7Z%2Fv29poGF%2B%2B8irB4XI3sUi1ZzigzUdlKvj6p%2FpI3k86bu3gTiagfoKYxvBgRk9g%2FXIs6c4YdmX49EUvyvmKXOv%2FkUhWCfCsgURq5k%2FIIeKOO7PHo2LRjyvDJTgQtPazRfdI0yw%3D%3D%7Ctkp%3ABk9SR5ShtJS-ZQ,245.28,0.0,Not Available,653.0
Pokemon Card Misty's Lapras 072/063 AR sv9a Heat Wave Arena Japanese P-240,https://ir.ebaystatic.com/cr/v/c1/s_1x2.gif,https://www.ebay.com/itm/236003479463?itmmeta=01JQRMD220FAFJG4GG0HRGF6DJ&hash=item36f2e74fa7:g:PJIAAOSwDitn049N&itmprp=enc%3AAQAKAAAA4MHg7L1Zz0LA5DYYmRTS30nPLYFLcy95d%2F%2B81upf1OBey2CcI6oeGWuJdMRNBXwlVElUAowUcMOORW9j%2B0RSkbW8jXiJlcvHzoMicdFeKEr2asMWvqwbus5jRpN6%2FNmnr1TIssZ7BfTZTYgTtaJun22qAv6XoDwzxNiOpb8shNMVsW82suUfCYBNSt%2BLX1y4%2BXnM%2FvdIKQNZK1FQLUYoIDfK3b%2FmT%2FymjcEKjbRax%2FD1Hjvw7D6IJIAzn%2BvEAhTkMUL%2FHgcYWOI23wEGyHoiEicMpaMdW8fweUViIJyeF8NX%7Ctkp%3ABFBMlKG0lL5l,16.17,0.0,Not Available,412.0
Pokemon TCG S-Chinese Horizons Gem Pack CBB1C Booster Box Sealed New.,https://ir.ebaystatic.com/cr/v/c1/s_1x2.gif,https://www.ebay.com/itm/126950629905?itmmeta=01JQRMD220EM7SRD434AS5R6QP&hash=item1d8ed8e211:g:jrAAAOSwl9NntdS-&itmprp=enc%3AAQAKAAAA4MHg7L1Zz0LA5DYYmRTS30lvgE%2FwPpdSekPtjcGHzqGu9%2FiKz6qed%2FrLqSNbZQVZQ7VdGGdK2fb17%2BVbPk%2BTjZ5aurdYWZMRQpaRSpf%2Fp6qL8JrAX2CiVSomRRvBzloMs%2Fb9P5Io1y39jmO1Z48ca7Cl%2BRZ3KQODkWqe49DOwAAZjK8l1r7xGCOeGNexiHWpTbn0JqrhpV7dr4CX9WZCH7J8%2BYouSoF0HH6mN%2BVihkE7m%2ByWZQyS8y04FwUEohRXubgrZ9Ef6BLF%2F9xXwFYBUd47O6zROD24cVMJVazjcYCr%7Ctkp%3ABFBMlKG0lL5l,28.42,0.0,Not Available,923.0
Ethan's Ho-Oh ex SAR 086/063 sv9a Heat Wave Arena Pokemon Card Japanese NM 2025,https://ir.ebaystatic.com/cr/v/c1/s_1x2.gif,https://www.ebay.com/itm/226645445048?epid=11075799694&itmmeta=01JQRMD220B0S7E44X1XQ8X8E4&hash=item34c51f09b8:g:TCQAAOSwMLRn18vs&itmprp=enc%3AAQAKAAAA4MHg7L1Zz0LA5DYYmRTS30mlIrpS65VJFrn8IGDnfW5nLAOJ%2BTzlCn7JYm60wm59Bcnrm0MVoHNQJPY60nx%2BpSqL8mJBqIxW1slB9mEOJELrv2vINkWf%2Fr4Rw8ZprtWJb6geq2L4VIiT06iMpS%2FNWELABxdhpiLe4N2Vl4stgMeosnyAyY2UYFu7z8pStfXjr5yIrFZ02DXbb6eO0Jx6T7GVYJdHbGpCGQsMZtWG2eMnKyulsHO2h4PlZ1jwk8vqJcRKxLlvP6WHj6eP8VeTxCcITP0MXER4wC3oii9TlGjA%7Ctkp%3ABFBMlKG0lL5l,163.39,0.0,Not Available,896.0
Pokemon x1 Surging Sparks Booster Bundle Box Factory Sealed! 6 Packs!,https://ir.ebaystatic.com/cr/v/c1/s_1x2.gif,https://www.ebay.com/itm/326434863708?itmmeta=01JQRMD220T4C743DGD63E18K9&hash=item4c0108ba5c:g:6rAAAOSwYVBnp6f4&itmprp=enc%3AAQAKAAAA4MHg7L1Zz0LA5DYYmRTS30lgv%2FgxGh7ABwfFImgfdZ%2FwLpXbOe1L1g9B2gaFyavtW397ezdLXTvXEIEqTrvcEzoMg6%2FTGp%2BDgH36z%2Fz%2BTLSHI6AujB2MiC3ecU8zOB0oYEJeRteiFVqWPUUkZwZ%2BFmd0BzbBXT27v%2B9UeLkeqOt2ujrq2jV2yLtG1rKPppiO9c%2F9zOvc8%2BTDBvGfJRzLU6Of7f29H1p4yp%2BnGPmqYo4hxsF8Nm1GaPO9C%2FKsxtbSGTHsII9QgpVcyxWhOQNA8hfHmLRekvDhJ4YFZeugFGr3%7Ctkp%3ABk9SR5ShtJS-ZQ,45.04,0.0,Not Available,167.0
SEALED Arceus V 267/S-P Pokemon Legends Arceus PROMO Japanese,https://ir.ebaystatic.com/cr/v/c1/s_1x2.gif,https://www.ebay.com/itm/234368027427?itmmeta=01JQRMD220CT72NBRR17K3J157&hash=item36916c4b23:g:h80AAOSwcwZh99mL&itmprp=enc%3AAQAKAAAA4MHg7L1Zz0LA5DYYmRTS30n58WAd0KOhJZlrWivv82uriCLJ4sbD2qNbBSVCSMHqiBKTMmJvarscVfgfp4NqgROVlXBEsc9vYUqaIefm1%2FQgdESdcZO1ZAaemP3HO3S8jhjLxLnvWWU5ZBJ45SXo0%2F7SaXKCilCP30GjWm8WTj7vmEAgMqgESUkYU9Pwm5NF1lO7uiD6%2Fli1Gl5pplTY7tI917vQZghZ1Y21Sp7fvh2DKiIVLAmhwDwv6eSPMPhHhItTWFKTq--OZGvI3H4BGhRw%2B5KOJoxmzSwk7vAQkGi%2F%7Ctkp%3ABk9SR5ShtJS-ZQ,10.59,0.0,Not Available,207.0
Pokemon Cards Game - Cynthia's Roserade AR 065/063 SV9a Heat Wave Arena Japanese,https://ir.ebaystatic.com/cr/v/c1/s_1x2.gif,https://www.ebay.com/p/23075818534?iid=226645755801,13.21,0.0,Not Available,9.0
Misty's Psyduck AR 071/063 SV9a Heat Wave Arena - Pokemon Card Japanese,https://ir.ebaystatic.com/cr/v/c1/s_1x2.gif,https://www.ebay.com/p/20075815137?iid=316490415335,35.24,0.0,Not Available,21.0
Pokemon TCG Holo Binder Sticker Label | Choose Your Sticker | SWSH S&V XY WOTC,https://ir.ebaystatic.com/cr/v/c1/s_1x2.gif,https://www.ebay.com/itm/315521299490?itmmeta=01JQRMD220BTKD6WPADKE50E9G&hash=item497688f422:g:d-QAAOSw~GZmiPjH&itmprp=enc%3AAQAKAAAA4MHg7L1Zz0LA5DYYmRTS30nFyZWb3JEAVcVieOl%2BbVM%2B%2Fki2q6BYIRke4Lm6%2Ba0GU%2BwiIdPuT%2FYTlTK84aN%2BSKQiAL3XSA8oo61VvptuCLEvQ4LMszgitYSwdpQTzI6KQGCVdVUCkCWCobXPx1zZrsSXLrQ%2FaWAistytw3kWMuxxL3YEINL5N7hnWGd%2FPNtyvfE8aj466bkC8oBEVtaAPucHiwqzlcH0zTgcNxoLXz7RdwFVM2y9VkceA0vdul4ftRWNo3s%2BqIPRdzPaopJoxFiC4OsBNA3latHsopgr%2FWpl%7Ctkp%3ABk9SR5ShtJS-ZQ&var=615107447722,3.49,0.0,Not Available,256.0
Pokemon 151 - Choose Your Card - Scarlet & Violet - US Seller - Free Shipping,https://ir.ebaystatic.com/cr/v/c1/s_1x2.gif,https://www.ebay.com/itm/226287463320?itmmeta=01JQRMD220MG9V92S0SMKW315C&hash=item34afc8ab98:g:rnkAAOSwPnpmvYR3&itmprp=enc%3AAQAKAAAAwMHg7L1Zz0LA5DYYmRTS30l4eJOCOBnemGOyqUdCVaKwPr9q2GZKEUYiC%2Bz2jEI7fuiEFzvK4oIfpF%2BVf8p3LiZXfMKnm9HnQy5jvq9HQby%2BK99CoYJWnGXKVz%2FD32BYoL046p4oMJGl2igAx7hdHW75wGqbwtqGEmNELi1xcwtGz1knc0y6DwYIKu1fKiC3dy20tP1wt4ovGv1GavhxJBSKDF0rrl0rv1WDTQOEfCuDB%2FOW7uXGDEzMrOjrx3ytkg%3D%3D%7Ctkp%3ABk9SR5ahtJS-ZQ&var=525475792131,409.36,0.0,Not Available,362.0
Pokemon Scarlet & Violet 151: Choose Your Card! - All Cards Available - NM,https://ir.ebaystatic.com/cr/v/c1/s_1x2.gif,https://www.ebay.com/p/13062916148?iid=145307201639&var=444508040680,100.07,0.0,Not Available,181.0
Ethan's Typhlosion AR 070/063 Heat Wave Arena sv9a Pokemon Card GAME Japanese NM,https://ir.ebaystatic.com/cr/v/c1/s_1x2.gif,https://www.ebay.com/itm/197104547013?itmmeta=01JQRMD2208PRR0PWQ4HFPHB3S&hash=item2de458b4c5:g:w80AAOSw8Ltn0t~4&itmprp=enc%3AAQAKAAAAwMHg7L1Zz0LA5DYYmRTS30n3aGeisdWNC4DeRig3%2BpNnTkJdS%2FcRoPAlhKbZP0YBVVU6UMv6H0vXUmpfwlcNK0WWtXbk1ZY%2FR8asR4mk96ntTfaGzZsHruAtpHGggwBdRsCehesoto%2FEQUqV1n6oaMZ9o7R3kGIAexIz%2FOjBAnFoM5D6k8IaNsj7oZILpb6O9quVu2NC%2FFSFiK5MTtZDjjNwEqa1upqCRIyuNmpHbmrEvGRumWfsts2Jiqh1iVYAWg%3D%3D%7Ctkp%3ABk9SR5ahtJS-ZQ,25.31,0.0,Not Available,32.0
Hop's Wooloo AR 112/100 Battle Partners sv9 Pokemon Card GAME Japanese NM,https://ir.ebaystatic.com/cr/v/c1/s_1x2.gif,https://www.ebay.com/p/8074588966?iid=196965362871,3.23,0.0,Not Available,1337.0
"Pokemon 151 UPC Promo Set Mew SVP053,  Mew ex 205/165 Mewtwo SVP052 Read Details",https://ir.ebaystatic.com/cr/v/c1/s_1x2.gif,https://www.ebay.com/itm/267137884848?itmmeta=01JQRMD221N118WRK2R2MW1K3B&hash=item3e32a8a2b0:g:OCQAAOSwXbZnhmjZ&itmprp=enc%3AAQAKAAAAwMHg7L1Zz0LA5DYYmRTS30kgJ4bNF%2BGizmc449lJPVRqiqWxdS2ANNl6gqh6tNG2D%2FmLWbZ%2BFbUbHCCwTEJRoI1LsGnHBkV2A1Nwhh%2FjeZ9x17xv6dSFi%2BGafNoh1VcrX81gs0uSmI1IhHdTeWybvfm51mrO%2BfkE16KkQgAA2d6Km6iplZxtG090J3o4VzRZFHCcQR39uJAJIKU%2BA%2FyIXB8CFUIQhN1o67F%2FhcjPLpbSQqpt9SzNj87ffgAhYnJV4Q%3D%3D%7Ctkp%3ABk9SR5ahtJS-ZQ,68.08,0.0,Not Available,313.0
Pokemon TCG Surging Sparks Single Cards 1-191 YOU CHOOSE!! Buy More Save More,https://ir.ebaystatic.com/cr/v/c1/s_1x2.gif,https://www.ebay.com/p/3072465052?iid=335660068693&var=545176104664,15.01,0.0,Not Available,343.0
SEALED Mischievous Pichu PROMO 214/S-P Graniph Hajime Syacho Pokemon Card,https://ir.ebaystatic.com/cr/v/c1/s_1x2.gif,https://www.ebay.com/itm/234570181287?itmmeta=01JQRMD221Q9FGAYCRR6V5VAGN&hash=item369d78eaa7:g:1uEAAOSwEx5jRWHk&itmprp=enc%3AAQAKAAAAwMHg7L1Zz0LA5DYYmRTS30lCcS5kKpbeQ6VAhhA55%2Fq9U5JkWVdhPhcws9d3jB0lruE92uZHHkTB%2Bq61ceBu3AgTvAQhl0R8maTaWLXQYr9pdMDGxZWdum%2Bslk7NAahPW1t02OQ1HxfThBOevUzVKYPwteh7vHDulqP4zM797jhSz8rDJi7TjjibgGyJr3qOHPa6j9yYUaVmp3pYgebiKEwepHnuLsl0EddOuvrDJ4q8JXyCNF1VPZNrBTzUDBKTYw%3D%3D%7Ctkp%3ABk9SR5ahtJS-ZQ,13.28,0.0,Not Available,325.0
Pokemon Card Lot Of 50 - All Holos! NO DUPLICATES! FREE TRACKING,https://ir.ebaystatic.com/cr/v/c1/s_1x2.gif,https://www.ebay.com/itm/116366113889?itmmeta=01JQRMD221YN4DY991AXTKX9W8&hash=item1b17f5fc61:g:K5YAAOSwwQxnFl7l&itmprp=enc%3AAQAKAAAA4MHg7L1Zz0LA5DYYmRTS30nAN20Hh%2FqCj%2BP%2BFycdGmm5uL9EiT0dHLHuyapaCx3Grxk8qvtux680eRxD0aXoG0OzcUp9a4yhzGfgt1cGD1%2B8rNEXTMbijAWFJYE%2F1jquHpF9ryF3DTV%2BlQJWy4iIgdHi%2BZlWiuYoVvSqNen%2Fus%2B%2FXErG5LvT8uhe0DRCMRgCxltk37vB1x%2FSBFlF%2FcYy0GaxK8aoG7txRaM3v2DUb9SjWr2F0tPBjDtkE4Z0H8Tg5xmbV9gZ%2BLY1ORTSl7szrtS6tCDhpkS54h8W5oND4FRk%7Ctkp%3ABFBMlqG0lL5l,11.0,0.0,Not Available,889.0
Pokemon Battle Partners sv9 Booster Box Japanese Sealed US Seller,https://ir.ebaystatic.com/cr/v/c1/s_1x2.gif,https://www.ebay.com/itm/146347380415?itmmeta=01JQRMD2219MQF2HMD9DMJQPGS&hash=item2212fbcebf:g:ZpUAAOSwCxNnke5H&itmprp=enc%3AAQAKAAAA4MHg7L1Zz0LA5DYYmRTS30nJDHSBClldOfQ0purSVheOBylCSgfSeNfUjkWLPKmbondHqBuEapPpVuj4NJecB3liHN6CZXmWc5uv7xvyRxK5hnjTGDXHBihlqC%2FNpRAgKj2A5DQz7CcNnl0N0rYoYpnhrTWrLj1HNitaa1g%2BncQmG7ydJqsaaSD%2BdroRSzTfODG7XCtSPVF2G6q%2BYyUW2SkOXP1kH27a6QXobNJsSXcJpfMSA1J5d5HqeS3Ysko337sFyjJ8EQU8cTjG%2B4L18JfY2EmswQstAkN2Urk5F2d7%7Ctkp%3ABFBMlqG0lL5l,84.56,0.0,Not Available,10.0
Pokemon TCG Pocket Trading Trade to any 4 Diamond Card Pokemon eX ‚óÜ‚óÜ‚óÜ‚óÜ you want,https://ir.ebaystatic.com/cr/v/c1/s_1x2.gif,https://www.ebay.com/itm/356534965654?itmmeta=01JQRMD221WTWT41JADMC7JH6Q&hash=item530323d596:g:ZkoAAOSwKO5n5O1p&itmprp=enc%3AAQAKAAAA4MHg7L1Zz0LA5DYYmRTS30lUYIDmLPqOMRDuzyknWo8jtd6Lakf2hYy%2F34OVojohqcgog5Z2hy3XwqEyabVjheDDOiRJPfNC%2FI9QmScF2sx52KfW8lb%2BnHvFvThrhM7XcsYMr2eVzc2swJXVep%2Ffm%2BV9m5ieJ3aQjuvjIXgs7%2FNhRcB%2FTR8q4Eh%2BMXZccOf3VKfoka%2Fm8eFDmT9TOOrRCgUpzy7%2F6PggolhOdq4lVvLjXhaJWtt0W37iIVpt9XGB70AMuCHuc3HESlzboYXh4nexYDZsOuAYc3IM%2BKmTBOYE%7Ctkp%3ABFBMlqG0lL5l&var=625635803805,5.01,0.0,Not Available,205.0
55Pcs Pokemon Card Foil GOLD PACK CARDS TCG GX Vmax GX Card Charizard Rare,https://ir.ebaystatic.com/cr/v/c1/s_1x2.gif,https://www.ebay.com/itm/146319588429?itmmeta=01JQRMD2214FN62TP2V78P7Y5H&hash=item221153bc4d:g:xMEAAOSw4YhnfQ1Y&itmprp=enc%3AAQAKAAAA4MHg7L1Zz0LA5DYYmRTS30mX85W2wJpYTm9Cd4ihVab6PpeutBLVmVbiHoeQ%2F12X9eXWculm4tg1HggbEMKlo5F3hbKOwz4QDopkk3GGdjiBx3uxTyQ0r34gqsPMcTmISCy5t3rAV6SJ175EcKYqEF1kJaAKfZxGMfM%2BTdFyu%2FnURcDwd65hkw4waFwT37mA6s%2B7Cg4%2Bb5IBr2iqzfC%2FVtni%2FQ2zYHyXUSls1aH5J30Hhgg9CqcejiqarcaVqfe2khNzZNwMvDyBE%2Fw%2Fe7QFkdiOwxOmtes48%2BhfJAC2MLch%7Ctkp%3ABFBMlqG0lL5l,15.01,0.0,Not Available,175.0
1 PACK Heat Wave Arena sv9a Pokemon Card Japanese Scarlet & Violet NEW Sealed,https://ir.ebaystatic.com/cr/v/c1/s_1x2.gif,https://www.ebay.com/itm/197101537633?itmmeta=01JQRMD2219J4YS5ZWKAT8J19P&hash=item2de42ac961:g:VZsAAOSw05Vn0cEc&itmprp=enc%3AAQAKAAAA4MHg7L1Zz0LA5DYYmRTS30kXt6HHKrJ%2Be7HlkzD056dfAyjh%2FEc0rICsdunHLAJskyiTtSd%2FQT8Udx6wsDvvx%2F0g6%2FibbOdeKzlfcl2tK3tGgg2omq3uzfcfAmK4op8QWLIvV155DPS5%2BrSQU45qoO76pLlcpMZKt%2BPY%2FRHP1BSb5b3Exg0cyD4ajsHrRZIcK%2F2CA0cP%2F7bDL4Aka%2B1JHSfjA42q%2BkEg2V1GzPjr1nDFtTZOlEAkdZSHYC1tMPyc708uKbcYphH1gRrBh0X0VWdsCJVEWGikVejok%2FRp82B7%7Ctkp%3ABk9SR5ahtJS-ZQ,3.78,0.0,Not Available,278.0
sv9a AR Heat Wave Arena Japanese Full Art Rares Japanese Pokemon Cards Singles,https://ir.ebaystatic.com/cr/v/c1/s_1x2.gif,https://www.ebay.com/itm/236003222473?itmmeta=01JQRMD221ZJN7E831E6SJBF54&hash=item36f2e363c9:g:2uwAAOSwaBFn01rP&itmprp=enc%3AAQAKAAAAwMHg7L1Zz0LA5DYYmRTS30lbkfFT9GJdwGr3YW15R2e5gzr--sXVBamio0qL8I3%2BOJlMCzeA0Ny4vFGuqAbT4MPKyHHl6PE7snwy7C39zYlT%2BjJTRd6nPqKmCuGmTeUnoJiZz27oSIJqSyTke8%2BLzZmYhkNvWYcnQcp1aXcVyHTkx2Cp7iK%2BOL1o%2FDOgnr3RRk5cVrUPo0RrK8EXCzhroQ8%2FgvJZLauL59CVsrmhg6U%2B4tj4scVk8HR1KZwb3TJNkA%3D%3D%7Ctkp%3ABk9SR5ahtJS-ZQ&var=536482949487,51.72,15.39,Not Available,132.0
*CHOOSE YOUR PROMO!* Scarlet & Violet Pokemon TCG SVP SV Black Star Promos Cards,https://ir.ebaystatic.com/cr/v/c1/s_1x2.gif,https://www.ebay.com/itm/225912417044?itmmeta=01JQRMD22129SFTB52XYH263Z2&hash=item34996deb14:g:E6IAAOSwUdZld0hA&itmprp=enc%3AAQAKAAAAwMHg7L1Zz0LA5DYYmRTS30lpXc1oV0c1N8TAMOBMDgiJ6NtmdyF9F2vgjrT9tOSCo0iWYR%2FuOj9uPDllC42TgUsYSYYCmC3A2Cej7ma%2FqI0BAvezWQvhKpEbSEinJwy1TiEdUj5rvTwy0s6GvlZGIzLQsUi0KWHZ2uFYG%2BllucZCipPXOJGvAsyq%2Bc2fXh9gaXgiOvwzjJSgTyGyXcGGJdFLoE9IOKiS0JBIrvs6YXEUbO3Lk3AcUCPOjFAFbZoZwQ%3D%3D%7Ctkp%3ABk9SR5ahtJS-ZQ&var=525834891900,18.09,3.88,Not Available,400.0
Pokemon Paldean Fates Holo to Ultra Rare Single Card 1-245 You PICK!,https://ir.ebaystatic.com/cr/v/c1/s_1x2.gif,https://www.ebay.com/p/13065237634?iid=335234206383&var=544594210358,85.09,0.69,Not Available,1189.0
Pokemon Surging Sparks (SV08) Booster Box Brand New Factory Sealed 36 Packs,https://ir.ebaystatic.com/cr/v/c1/s_1x2.gif,https://www.ebay.com/itm/335871787475?itmmeta=01JQRMD221CPSAJ8QNTPBR6B1N&hash=item4e3384c1d3:g:BrYAAOSwe~tn0dXo&itmprp=enc%3AAQAKAAAA4MHg7L1Zz0LA5DYYmRTS30kdhIXkvKdj33D2S1uf3iJ8zDAvcRyrggIDaG3Zc5XDJLMWVEOd3yFNj0nxvvwWlw2TrwOe%2BCWPlYKREpvO%2BI%2B%2BXoBWmJl5pnjIJkW2nqQTZm7ld59RHbVWqIWyUtHG%2FLdCAYG6fPRPwcNCyyblPlbz9eQF4LSWQpsdbYBtd1m3ld3lkjsx92XhlNoRbuy2WhThzMQD5m%2BZS0hFldJtDqwN%2BmbVWZyEsyge0pvidNf930K3O9OpPxnW7Fac1wg%2F1z%2FMuadVd67soLHYbBCEYlNU%7Ctkp%3ABk9SR5ahtJS-ZQ,270.31,0.0,Not Available,79.0
Pokemon TCG: Prismatic Evolutions: 2 pack Blister [Eevee] New Sealed,https://ir.ebaystatic.com/cr/v/c1/s_1x2.gif,https://www.ebay.com/itm/326455711402?itmmeta=01JQRMD22186KHAE2B5GP732RV&hash=item4c0246d6aa:g:cDAAAOSwbYpnuVgn&itmprp=enc%3AAQAKAAAA4MHg7L1Zz0LA5DYYmRTS30lpwkdv7pnIZkGyRPVODdU7CCAN2%2Basa%2FEC%2FHrt9%2FaPGv9JLQqiBytEUmqcY8tRwH0HP44bQEfLTxzTAxTbiRwSGZshVeZ76n%2BSQLxFavEXLU7HLzFG0x73NL%2BLFhPhjaDnZBkFHT1M3B6zH%2FJWxuqCNRCq7HuC5Pv7BUpahd5J0alRZxyLR51%2BrhlUTlyfIItxnslLHkuzxNLmQNkhYtu7%2FkFVwkVI2cOb6GIBGmQvQcTyaLLw13%2BrbNpQdnUJ0hzNkOmM25vXvyUGMqDKTP1p%7Ctkp%3ABFBMmKG0lL5l,29.99,0.0,Not Available,1018.0
Pokemon Card Heat Wave Arena Booster Box Japanese w/shrink w/Promo Pack PSL,https://ir.ebaystatic.com/cr/v/c1/s_1x2.gif,https://www.ebay.com/itm/387994737899?itmmeta=01JQRMD221XBBKK3HATV58SWCQ&hash=item5a5649dceb:g:SdsAAOSw3U9n23Uh&itmprp=enc%3AAQAKAAAA4MHg7L1Zz0LA5DYYmRTS30m0m72Ip8tUWPNWXl5nNr6u9ty2Y6nQeEjhNn08ILHxgzcttA%2FR%2Fp8wFCHXONSyyJp4Ge16WU8kmHr6YcbJIEe0vDrISq7bzFJv15sa1r2D4BKlcoagonCurpJQv1o88lUIuG48xihYiQpBgNzlq5VRqfzuxUBldyTLlzjhRADMmovDz94tLrVx1y4sZmm7lAI%2Fmzq%2FSjtolWPF1iQL%2FfdLPfiDv%2FO6lponDyD4Hjh0IXgKaSQssSj%2F7uwWqEhJUhl7yUVHPfSDFBRpK6Ahr1FM%7Ctkp%3ABFBMmKG0lL5l,111.62,0.0,Not Available,31.0
1999 Pokemon Base Set: Choose Your Card! All Cards Available - 100% Authentic,https://ir.ebaystatic.com/cr/v/c1/s_1x2.gif,https://www.ebay.com/itm/145273576132?itmmeta=01JQRMD22185PHVPA2J3DWF5EM&hash=item21d2fadac4:g:VvAAAOSwaZNkfk2q&itmprp=enc%3AAQAKAAAAwMHg7L1Zz0LA5DYYmRTS30mwdGyafCEEJMhMU0wrX8xl5BiNGkDmhX4pe9XyXH52Kn0RCmnDrg3LUvif8iubHNx3oVx1Tl9l%2B633zl4NJfy6s8u8PSJrQJ%2FL6UnAP6YGwzVROnSa3YpMruCEMQWIG3imblZnGZkIB3OVmL7xKwMYSmkjkvii1vsreyILti7ijcMI31wqjcY7R2aY01h%2FxOehVcKqFOe32ToZkFcPi5k4huMBupBbUnNLtMmt71zUNg%3D%3D%7Ctkp%3ABk9SR5ihtJS-ZQ&var=444460969264,300.3,0.0,Not Available,167.0
Pokemon TCG Holo Binder Sticker Label | Choose Your Mini Sticker | SWSH S&V XY,https://ir.ebaystatic.com/cr/v/c1/s_1x2.gif,https://www.ebay.com/itm/316363541879?itmmeta=01JQRMD221NEDFBVP2KDTYQYV4&hash=item49a8bc8d77:g:bssAAeSwbABnulmh&itmprp=enc%3AAQAKAAAAwMHg7L1Zz0LA5DYYmRTS30k82L3%2BXF4LE8L2A3bi4DgRn1prRlJHkVQFlLmL1Nbzk7MYudU7prgbtgv03xKODdzSihYJuhZ9oMEtn5zk%2FYOMOzPD%2FjelTYc2DOrR%2Bdav1eXhcYOY5ZpROMSfutihT9Lx--pZ70xJsV3BUvOlucL4zn%2B8g%2F83J0ZSyz5xHkXgBC1Iy2Hy2J2EhSUXQeGb9%2BlqBcRCXVQDEFprBXLiW7IOv2x0T2FhyTDxdSfGbynf4g%3D%3D%7Ctkp%3ABk9SR5ihtJS-ZQ&var=614955899386,1.99,0.0,Not Available,81.0
LIVE: Pokemon Single Strike Pack - 5 Singles Per Pack - (Opened Live),https://ir.ebaystatic.com/cr/v/c1/s_1x2.gif,https://www.ebay.com/itm/167413245207?itmmeta=01JQRMD221MJM6BWRZA3ADRZBW&hash=item26fa9b6517:g:Dk0AAOSwLQ9n3sps&itmprp=enc%3AAQAKAAAAwMHg7L1Zz0LA5DYYmRTS30lNA9BMFLpdpLFgwDj%2Bch1KYLHk5KyaLIFVPlYxLjz3DsotXN7YFFlrnd0NZr%2By51gsigInsfK4Jok98FGUcoeFfp9hqd2WERgT0E%2FerP8nPPduf3SmKSrDeUvGaL2ffrk%2FZWv%2B86BXxYMlH%2BWmhEIYd2XUU8emciIUcamUCpmmz59vrSYr8gePTrF6Rf6nKL3yySHqoQZTJbjrbj77KRbrlj7bm6kK5fto24oSw2D90A%3D%3D%7Ctkp%3ABk9SR5ihtJS-ZQ,35.03,0.0,Not Available,12.0
üî• Pokemon Journey Together: Choose Your Card! Holos/EX/Full Arts/SIRs! üî•,https://ir.ebaystatic.com/cr/v/c1/s_1x2.gif,https://www.ebay.com/itm/405702488637?itmmeta=01JQRMD221T7MHF0HZA5VWNPRT&hash=item5e75c0b23d:g:AsoAAOSw0yRn5jf6&itmprp=enc%3AAQAKAAAAwMHg7L1Zz0LA5DYYmRTS30kwvd5TmO4pl9sVWWgsUbm3j%2BiMg3eLHg1T0vN3GW38P0jWjLWYOvPGPEaNDpBt%2BxywhtGhLlIKMUlf66dCVRGdMss8aeleVGum2rMQ7oKCNIgRjygG6a2vdY3V4TE81mB%2FyMl4cTuIfQp5gPjdJDPYh%2BMG7mF5Mw%2BTYV8wkuycsHqmLyOR41Rm2w4tELDEZhiaQCPeXlCvybxgD%2BjeoAZ4Y5eKspTh1e08ZUhr1yoV9g%3D%3D%7Ctkp%3ABk9SR5ihtJS-ZQ&var=675989807992,60.02,0.69,Not Available,882.0
Wailord AR 103/100 sv9 Battle Partners Pokemon Card Japanese,https://ir.ebaystatic.com/cr/v/c1/s_1x2.gif,https://www.ebay.com/p/9074580256?iid=316155274332,5.61,0.0,Not Available,359.0
Pokemon TCG 5 CARD LOT - ONLY V/GX/EX/MEGA/ VMAX /FULL ART/ ULTRA RARE (5),https://i.ebayimg.com/thumbs/images/g/6jAAAOSw04pm67lA/s-l1200.webp,https://www.ebay.com/itm/356062536733?itmmeta=01JQRMD6AJZ2YQ64WXTP1JKQN1&hash=item52e6fb241d:g:6jAAAOSw04pm67lA&itmprp=enc%3AAQAKAAAA4MHg7L1Zz0LA5DYYmRTS30n6%2F5gd5gpwLsxH3rufsagMT0tgleQYE8eYS3yB%2FgCfeD7Jp%2BKkpA14NqPj4ehLI6xxYaFSOlN4%2FcJw9rzxPRuMGSvrJJVKnlscO2nRALhbw5qjl0TIu%2FcMlg7JGsEjuBsyr5z6bNiVzgKO0NiUXoZXp%2BBZYMqr5cYidXb0RXxYnJYd1c1O4TOni5mAb3OZSNulSJ4Utnoe2wlSIxEzHLhJ7cvhv53KwkCLQ0DY1o81xJ6hKz1%2BTW4cJ%2F2bysaJuqhnOAjy4qwgbKmxVtwPbgQe%7Ctkp%3ABFBMsOW0lL5l,8.0,0.0,"Thu, Apr 3",359.0
1st Edition - Old Pokemon Cards - 100% Vintage - WOTC ONLY - 10 card Gen 1 & 2,https://ir.ebaystatic.com/cr/v/c1/s_1x2.gif,https://www.ebay.com/itm/235841507309?itmmeta=01JQRMD6AJ889G1ZJYTHCTJYCE&hash=item36e93fcfed:g:WkIAAOSwBORk8iiw&itmprp=enc%3AAQAKAAAA4MHg7L1Zz0LA5DYYmRTS30n9rWDontJYDa5Y8xboilF2kEzPLvtw4Z0lLOrW39e9tXfNglwfUUgKrIyfL2UVwjlV4zDi%2FmryiULElm37BcakdE%2FkFum%2F0BJvEsQVHEqxz32oslxSBjAfrkE%2FscadCltNt%2F4%2F6wt6GIYDCAQP%2FpRzDWI4qUxQEnyqam4aFq99AWxKtZfgVETIIN6hbXgoOftV4%2BOznXL%2BMcDkmRtJgpAmojecdalDN3aRP2yuMNsh%2BAYhGSNOpNO0uFrh%2BEUKxQ36WiTxoxh0Abwwakjnd%2BqD%7Ctkp%3ABFBMsOW0lL5l,19.02,0.0,"Fri, Apr 4",443.0
Pokemon Card N's Reshiram 109/100 AR SV9 Battle Partners Japanese P-106,https://ir.ebaystatic.com/cr/v/c1/s_1x2.gif,https://www.ebay.com/itm/236002238166?epid=15074590299&itmmeta=01JQRMD6AJYNEXRXAKK67H82HN&hash=item36f2d45ed6:g:BwQAAOSwqrFnogzb&itmprp=enc%3AAQAKAAAA4MHg7L1Zz0LA5DYYmRTS30lRYDDIFNb6rrp%2Bhf0oA5b7sekqkDMT7JGG1hF1XrU7ja6AZBdH9og4M8qwV3vQnu6dCOshgfmhRiMg27qMikGYBkpHxmHjohfpSb%2BLzi8JYkgKkN%2FKRzEkdymtWn0Yv9i5dcPhcxOC%2BSrx9Z7ZzysaUeneJYT8bl3JTFra26He9h7eO%2B2GT3q18%2BBJgDE3%2Fd%2BVHwnxChM4AnmyPJFUHpkt12bJzwHiE0%2B7%2F41hz0taMoVklZNm%2Bn02pMt7Nz5wV%2BrNvBfe3i9A2OZcoTTFDUeT%7Ctkp%3ABFBMsOW0lL5l,17.52,0.0,"Fri, Apr 4",68.0
Charizard Pokemon- Shadowless Mini Slab LIMITED 1st EDITION PSA Keychain,https://i.ebayimg.com/thumbs/images/g/WkIAAOSwBORk8iiw/s-l1200.webp,https://www.ebay.com/itm/176127593040?itmmeta=01JQRMD6AJSREPV24746YGSQ87&hash=item290205ca50:g:IgkAAOSwuyFmETe~&itmprp=enc%3AAQAKAAAA4MHg7L1Zz0LA5DYYmRTS30nFOEq1vJAms3aFPC4YH6RiGk7oiFDqEbwoUsmzxpedh%2FCH3akh5TbZC3y97t%2BEKUtSnkXh4s%2BGiG2t9pA77S38Pxi8K3oMpJdcj2mY7Sx7SRjkwLvirXBJ0tU0LgukkpxMvvAGCvpoFpkR3Gq8CwOgueRpaEFlLiQdlF4OO6R4z%2Fy3lv0QWWcSDKQIJhd9B68F5uXmJC%2BNAf8M%2F6DY%2F8xtkw%2B3dfbCT4Xh44v6cCOix8GisySxqIIbkhZBFXiPkTJrZiszJ1y1nFzZHjzXbDw1%7Ctkp%3ABFBMsuW0lL5l,15.02,0.0,"Thu, Apr 3",599.0
LIVE: Pokemon Single Strike Pack - 5 Singles Per Pack - (Opened Live),https://ir.ebaystatic.com/cr/v/c1/s_1x2.gif,https://www.ebay.com/itm/167413245207?itmmeta=01JQRMD6AJMWCGNZN86TR06DCV&hash=item26fa9b6517:g:Dk0AAOSwLQ9n3sps&itmprp=enc%3AAQAKAAAA4MHg7L1Zz0LA5DYYmRTS30lKSZ%2BOW98qS2xf6Z0CtrzKQqhgWMjd55dD8I4jkI4IOgkX0ynN6pIlwuQF61awt4pRok%2FWTdhBalNR6NRWplIxnv7ilfN4wuMelNDYyRdjWSeC%2FL1Pmx9%2BQosyqAr0%2FnDnOecHwViKevq9xYkSI9r7ypfqeKfLFgZIh0m3ztH4U%2Bh0FKlnRafoT0HiNsuPipm%2B%2FDEsFyPC7JwKB%2BSsl1j%2B1FMaEMLIKxLhqg1e85WaWfupInE%2F828k28VHMtu2b3NYzA5iu9LT0GQHJZiNStl%2F%7Ctkp%3ABk9SR7LltJS-ZQ,35.03,0.0,"Fri, Apr 4",14.0
Pokemon Scarlet & Violet Base Set - Choose Your Card! - Reverse Holo/Holo NM,https://ir.ebaystatic.com/cr/v/c1/s_1x2.gif,https://www.ebay.com/p/6059564593?iid=156738295411&var=458121888150,7.0,0.0,Not Available,19.0
Pokemon TCG Journey Together Booster Bundle SEALED- 6 Booster Packs - FAST SHIP,https://i.ebayimg.com/thumbs/images/g/BwQAAOSwqrFnogzb/s-l1200.webp,https://www.ebay.com/itm/176957130806?itmmeta=01JQRMD6AJAFTSBWDFDAJEMXQQ&hash=item2933778836:g:sgIAAeSws5Nn5PNV&itmprp=enc%3AAQAKAAAAwMHg7L1Zz0LA5DYYmRTS30kXs7ug91W5wX6Mh9gETexJiaiYPcB6uLwEZixeItsGjbPMkfkmte5fVWVnEa2L9fryD0uEdNLO63bOxAQcph14EyLF4zs8RXp4BG0dqJmz2dGPezB9TLYFa0lWrszjlMlSI%2BNPtb5RXYd0W3LKUGWiZ%2FF86OwqastAsD%2B%2Fcg4inDdEApND5LoR1uGn5gusCs4fuXDXZORxmhvlh7Kq5QDXn4E%2B8I5d%2FP20fp%2FWdJb2qQ%3D%3D%7Ctkp%3ABk9SR7LltJS-ZQ,53.05,0.0,Not Available,228.0
1999 Pokemon Jungle & Fossil: Choose Your Card! All Pokemon Available,https://i.ebayimg.com/thumbs/images/g/IgkAAOSwuyFmETe~/s-l1200.webp,https://www.ebay.com/p/15043377390?iid=145273401652&var=444460851078,100.07,0.0,Not Available,300.0
Misty's Psyduck AR 071/063 Heat Wave Arena sv9a Pokemon Card GAME Japanese NM,https://ir.ebaystatic.com/cr/v/c1/s_1x2.gif,https://www.ebay.com/itm/197104783283?itmmeta=01JQRMD6AJSH9QD0RF9DRQEF7D&hash=item2de45c4fb3:g:9IIAAOSwUVln0vet&itmprp=enc%3AAQAKAAAAwMHg7L1Zz0LA5DYYmRTS30lS4N1rH%2BJaIL8P1rk6V060T1emkUSdlQsdhH3UtUEtvb%2BpPAR8nSvkD0HxhJVzBgtzUZMxjiGtDN3SnHYr%2FZ9HjnjHasAZzsCHvxZqGup6fc%2FcceVhvenLC9REZHaEhNEkiXgUWoNCcAE1uXWPIudSdb29cGvX7OTGGzdSIA7S6m2ExGynbx9HU4G8wArG7%2BFPJ8cumZIehMGwcj1qO9DGMKUTRxHZcYpouejQ1tXxXw%3D%3D%7Ctkp%3ABk9SR7LltJS-ZQ,34.83,0.0,Not Available,76.0
Pikachu Raichu Pichu Pokemon Card! Holo/Reverse Holo Rare EX VMAX Full Art Cards,https://ir.ebaystatic.com/cr/v/c1/s_1x2.gif,https://www.ebay.com/itm/156747546217?itmmeta=01JQRMD6AJMJD59SYJFJN3V8NP&hash=item247ee1be69:g:8fMAAOSwqxpn2-c~&itmprp=enc%3AAQAKAAAA4MHg7L1Zz0LA5DYYmRTS30lEnmtR8SsQ60ROYiFe6C%2BEs%2F9Y1fZLzkgim7QZII7Ojj7ZqcC7GEJq3SOMSaS6xmAclskKbkX00oVu%2B6qx3KxHY2dbEu77sorJJiU4L9ZQyuuohVQDyjHHbCdfzFmwBZpiLqVHRe%2FhePio2NIMtgbox7HQ8tTdgpd3FZ%2F9MGqtDkE8CX2FPHwd6FC1AoPHjADSp%2BkFdJI4MzqFqczK5nHPPeuysnhyXngcqwBL18PduFgMjOIVyZN5j9kcGXygFGBlGtMIJGn%2BhqNH6cjiqlEp%7Ctkp%3ABk9SR7LltJS-ZQ&var=458225422176,240.27,0.0,Not Available,33.0
Articuno AR 102/100 SV9 Battle Partners Pokemon Card Japanese,https://ir.ebaystatic.com/cr/v/c1/s_1x2.gif,https://www.ebay.com/p/4074590042?iid=396146038569,8.94,0.0,Not Available,111.0
Pokemon Card Ruler of the Black Flame sv3 Factory SEALED Korean Booster Pack,https://ir.ebaystatic.com/cr/v/c1/s_1x2.gif,https://www.ebay.com/itm/376063071603?itmmeta=01JQRMD6AJ53E4YGGK8TFK13BC&hash=item578f1b1573:g:mcIAAOSwEydn0Zf~&itmprp=enc%3AAQAKAAAA4MHg7L1Zz0LA5DYYmRTS30k3M1rtVBIMi5wPKRQbS6H%2F6DRzAn3qEnhPlYu7csrPmtqpQg0FUWZ0CgRfo2nkWThZr%2FHfdz%2F8REvfeySQJoVRXYG0D7BbPkPVUdGDOqqUw1RY2zuU1slH26nLLJB3EggaVFWxBO7nPl5Rk8gUG4U7r7F9gqUR5RApulUKX2xEEWsWgFbU0W7HG9AoTZ8VUrpa5DOLZOYjS9pRUDuynIr5OVaVxK8U7nh5pI7t44d%2BDo8CQipI%2FEFB34NP4ETdVJHbI2C3aLIIyk9%2BiE4EVobH%7Ctkp%3ABFBMsuW0lL5l,2.7,0.0,Not Available,296.0
Pokemon TCG: Journey Together Elite Trainer Box ETB Sealed FAST SHIP,https://ir.ebaystatic.com/cr/v/c1/s_1x2.gif,https://www.ebay.com/itm/176957070861?itmmeta=01JQRMD6AJA4JR9ESJ90JYVJ0T&hash=item2933769e0d:g:-H0AAeSwQS5n5VGM&itmprp=enc%3AAQAKAAAA4MHg7L1Zz0LA5DYYmRTS30mhuU8Sd5UshVdbWXlqrwOTfQ2L2GANiIsy9Yagfj4fkDLfgfbM6yhTUF%2BP6TM2%2FFaI57CSHMoALsuzO0NuME87x--vEGY%2B3FbvWZJvdxyiR5kED28H648tbDhmxwbBl1b2UHdbUJvj7mn6pCF2vm4fcHjhhTlxFAYkom8Is8oBWemS%2FZCYJxLP5FsG2dy7SXzSWG8bvbuIbOS2FR%2FTjnKToLKtEMKxTfD%2FKl668Hac0VKlXieI7jb6gSqSM8k0IPdS9O8Qq%2FrrJJpPUpfzB3yp%7Ctkp%3ABFBMsuW0lL5l,95.1,0.0,Not Available,415.0
55Pcs Pokemon  Foil GOLD+BLACK+SILVER PACK CARDS TCG GX Vmax GX Charizard Rare,https://ir.ebaystatic.com/cr/v/c1/s_1x2.gif,https://www.ebay.com/itm/387809707857?itmmeta=01JQRMD6AJFSVHHXJM984760ZT&hash=item5a4b428751:g:eMQAAOSwpzdngJhu&itmprp=enc%3AAQAKAAAA4MHg7L1Zz0LA5DYYmRTS30m%2BrR1yOzWLuYm8%2Bqm0ERYt0Dy15cU7VqMFpUTIvRVc%2BzTIu85xmxMI5JEUeciR%2FQD8kqqfNLnteVzS0zo1n8wvBy1N9Jpy0ONiWhcLj3022DZJtIYO0ckFaIYP1hLCaNy%2F8JJ4%2FvUMffLnsFWYTrkgsk%2FEapL6L6kxbVyWnxW0lmP3P83EHdQPf%2Btr6Qac9kEN7aZC%2FuHexFibi3ajqtMH%2B2D3DlIisoMgxdTdH4QLItvGrphoyn5k6pIaRa852wXd%2BL8LnzbafvyO5m0ZEM46%7Ctkp%3ABFBMsuW0lL5l&var=655073164239,30.03,0.0,Not Available,736.0
6x Pokemon Booster Pack Lot SEALED Cards! (Japanese),https://ir.ebaystatic.com/cr/v/c1/s_1x2.gif,https://www.ebay.com/itm/135546250277?itmmeta=01JQRMD6AJQ6KEVNKCHJPN5PTC&hash=item1f8f2fa425:g:GF4AAOSwww9noauZ&itmprp=enc%3AAQAKAAAA4MHg7L1Zz0LA5DYYmRTS30nyYw%2BGpIBwPCFtTx%2BaUcME%2Brgo8l1KeS7x4hGD%2Fy2GpLJaLITztqR%2FbyNJNQcloZrkgP1FIosil1WGEEw%2F6YPo7PcoG6MpwEHIdb2NmhXbs3pAtMzsDQ1kwUWqt2dbfNL7awUuLUG%2Be15u40AHLjraCtZu0IygA5b8iuHXt%2BWZFdnq3Wi6XQSyLAEfvJT5PHaAW9JeeFZtukaMrcnth9pgEu6XzK%2Bm6%2BemX8jcTr%2F6rEHZTd1VNntQwkiNf6DhWNClVRWGYOPLvGkwCf9HfJcT%7Ctkp%3ABFBMsuW0lL5l,19.01,0.0,Not Available,361.0
Pokemon Cards Game - N's Reshiram AR 109/100 SV9 Battle Partners Japanese,https://ir.ebaystatic.com/cr/v/c1/s_1x2.gif,https://www.ebay.com/p/15074590299?iid=226562076718,14.51,0.0,Not Available,168.0
Pokemon Card Heat Wave Arena Booster Box Japanese No Promo Card w/shrink PSL,https://ir.ebaystatic.com/cr/v/c1/s_1x2.gif,https://www.ebay.com/p/10075744919?iid=387986556630,104.99,0.0,Not Available,156.0
Ethan's Typhlosion AR 070/063 SV9a Heat Wave Arena - Pokemon Card Japanese,https://ir.ebaystatic.com/cr/v/c1/s_1x2.gif,https://www.ebay.com/p/25075802510?iid=356664914203,25.02,0.0,Not Available,9.0
Cynthia's Roserade AR 065/063 SV9a Heat Wave Arena - Pokemon Card Japanese,https://ir.ebaystatic.com/cr/v/c1/s_1x2.gif,https://www.ebay.com/p/23075818534?iid=356664914222,15.82,0.0,Not Available,220.0
Pokemon Cards Game - Misty's Psyduck AR 071/063 SV9a Heat Wave Arena Japanese,https://ir.ebaystatic.com/cr/v/c1/s_1x2.gif,https://www.ebay.com/p/20075815137?iid=226645755820,29.22,0.69,Not Available,410.0
Pokemon SV Prismatic Evolutions Pokeball & Master Ball Reverse 1-131 You PICK!,https://ir.ebaystatic.com/cr/v/c1/s_1x2.gif,https://www.ebay.com/itm/335777076705?itmmeta=01JQRMD6AKE64N9CRF63P2ER56&hash=item4e2ddf95e1:g:5KkAAOSwKp5njWlu&itmprp=enc%3AAQAKAAAA4MHg7L1Zz0LA5DYYmRTS30l%2Fll2D1TyClT3i3hMEOYXxwIhsOeBqxq8j56SJJeBE2X05CV8J%2BVGsb%2BRUC%2Bgd9zScea%2BgNhCEl0wchgnToOFAMYHutq6N5QInJXikE3yIHqynyCoLxOwUVQFeSHM4qthCIjcGbn12%2Bb8LUX5Rfqz4qBoie7xSG9DPghF9NC9inN0UrLCajU%2Btw%2FhlqIhY39gPzDYa83cCIa1YhGT8tjZAwGySJ2IuSCLCnQKE%2BzEWHS7tv%2BOTcIBmQGrk9EkG4euIusTG7UieOWzjHMsegBrM%7Ctkp%3ABk9SR7TltJS-ZQ&var=545305153094,85.09,0.0,Not Available,457.0
Misty‚Äôs Lapras AR 072/063 Heat Wave Arena sv9a Pokemon Card GAME Japanese NM,https://ir.ebaystatic.com/cr/v/c1/s_1x2.gif,https://www.ebay.com/itm/197104850761?itmmeta=01JQRMD6AK20SNEQBGGAA13J7K&hash=item2de45d5749:g:lRQAAOSw7FNn1BIQ&itmprp=enc%3AAQAKAAAA4MHg7L1Zz0LA5DYYmRTS30kv%2BxhJ3uL%2FP4JLYPMMdPjf0GxacE%2BUSK406aPTamsy%2B1eSlB4CNjePfVnGIQyn8Z5V9kYP%2BGJIYbuvwkP0ZyEspzc%2B%2BeNeGxlnxP%2FKDXf%2BfLULIqAYueNzduy3Xq1WCaInuZ%2FcHUkPyo9zAMSLlCPUODv027ENmg%2Fb3Z3JmqexSf%2B3P0JetzaKo4z5rfs0VUExuemlZ7JS3u%2BJgUcvKADVDWj%2B%2FwsksEcxNBfaLnkttqP90NLJ83tl6XtmmQzYcAmASo5dkqQ1x%2F9rDs0%2FTnre%7Ctkp%3ABk9SR7TltJS-ZQ,14.21,0.0,Not Available,77.0
"Pokemon V Cards - Choose Your Card - Ultra Rare, Full Art Holo English NM",https://ir.ebaystatic.com/cr/v/c1/s_1x2.gif,https://www.ebay.com/p/6047828878?iid=396288530843&var=664954805755,7.0,0.0,Not Available,44.0
Pokemon x1 Prismatic Evolutions (SV8.5) 2-Pack Blister Factory Sealed,https://ir.ebaystatic.com/cr/v/c1/s_1x2.gif,https://www.ebay.com/itm/326450567660?itmmeta=01JQRMD6AKT53ESJ9AM1TRCFBH&hash=item4c01f859ec:g:-NUAAOSwEzdntQF2&itmprp=enc%3AAQAKAAAA4MHg7L1Zz0LA5DYYmRTS30naQKBYIgsGbBw%2FeCG4c5vaIEj2IuXSfP8LE4B9uGHnUb5b4kQ1QJC1%2Bm%2Fc3CLR5GwmZqBERvX83GHnFZUo8cbAtX8%2FcofeKvba8e4KXGhvznkdFMauZibfLMLoscSzGIhyEA8gAjm5JRqDp0gQklkrI2BXriEnGHC57mTNqfIE3OIyGBefm%2BUa6YGisYebcNwiVa%2F6ppXZC1jfyG5sQqoGJMz8V7kTcHWXc4yUszmUQ%2Bnb0x2fg6GRJATKFDDJ9VAy1dOm%2F%2BHxyN7NCfkSW%2BVI%7Ctkp%3ABk9SR7TltJS-ZQ,31.03,0.0,Not Available,73.0
Misty Full Art Goddess Story Pokemon Waifu Trading Card Holofoil,https://ir.ebaystatic.com/cr/v/c1/s_1x2.gif,https://www.ebay.com/itm/405580379075?itmmeta=01JQRMD6AK9CJS3XM4VCRXNSYX&hash=item5e6e7973c3:g:~7oAAOSw-EdnvcLi&itmprp=enc%3AAQAKAAAA4MHg7L1Zz0LA5DYYmRTS30k25uEgjrdZbatMRZePk51K9va3Y2aPLWUYOb49oNXVF3DADS39o81PI6gkLEfnYVQ1kOR0Kc0BpXhGu8%2FKFxTPW6sGeVErNIvoV10sraf1%2BC0n4VP6SPHxZdDFvKPrb4uzpTMOrh9cIsR5MxTIcCZtcZA1%2FWQ43YirTWlO2YPVsJQFIrGKVJZbnKhzGeDeYThgnvLHtlyGQMdxyBFGzJjZFGkQMp1UACMZ5FVA7W3IuE4xKuwdy5hvBKB2QLgalJkR2vIcwQZw%2FRqGVFV9NomS%7Ctkp%3ABk9SR7TltJS-ZQ,9.9,0.0,Not Available,27.0
New Pokemon Trading Card Game: Scarlet and Violet 151 Collection Booster Bundle,https://ir.ebaystatic.com/cr/v/c1/s_1x2.gif,https://www.ebay.com/itm/326429758710?epid=11062089107&itmmeta=01JQRMD6AKXVBV3BDFNRE7KT7E&hash=item4c00bad4f6:g:YXwAAOSwO2RnomL~&itmprp=enc%3AAQAKAAAA4MHg7L1Zz0LA5DYYmRTS30ksBnxvI%2BADHlA23Ixf0RfX26%2B8n%2Bq1Y0oVT1J7iEQUZKl6kHirNg634OWGta1QxM6%2Bl1AewK9LGUXVH2BuvI%2F4QLOmdNQb9F1knKLk0OXka19fUJfczaopldPjH2OPxZBFW9tL0SHYg2ssTfzOcyniRdpzgDf306yPVuQ4QNIxN2%2BEZEz9k7ErkmWfoPFI%2FNBbLx3uRFOxYcKLtc%2FP7X6siCyB27m39YuG3dZ5Ih4pToap1ZPvvQR58sXyYn1spwLCUfIw3UYZL8ETOCAvqDAy%7Ctkp%3ABFBMtOW0lL5l,105.11,0.0,Not Available,418.0
Pokemon Gold Secret Rare - Choose Your Card! English Near Mint 100% Authentic,https://ir.ebaystatic.com/cr/v/c1/s_1x2.gif,https://www.ebay.com/itm/394687959239?itmmeta=01JQRMD6AK2T0VVH4MGXWYCHRD&hash=item5be53c50c7:g:Tr8AAOSw6JRkj5P-&itmprp=enc%3AAQAKAAAA4MHg7L1Zz0LA5DYYmRTS30mDRGkjG6fooPtCtlxrKdN4p5q%2BVeRMnTb8iAF6pB8xIv%2FqVmkvGf3hsZpz1YhtfartLfG5l4hGscasWRcdzwo4HGjTe5EF2hXcZERhvJbrc24f8fqkLwIsKrzH9r7VrVfCsbYWyUAwg33n8Nxnf9MKtdEdpImm2e0aL2xegBniAnzfjdAErOREJkQ1kHNhp6Ux0ZXd%2F3CgNQR5YYZaYIjKnMeybryMzAskkZf%2BKu8fULxk7sH7IicnvgEa%2BaIDntjC1sbVstWUGVm%2FmDcr%2F4Rx%7Ctkp%3ABFBMtOW0lL5l&var=663256503669,180.21,0.0,Not Available,104.0
Pokemon TCG (Trading Card Game) Pocket with 1600+ Pack Hourglass,https://ir.ebaystatic.com/cr/v/c1/s_1x2.gif,https://www.ebay.com/itm/356595141482?itmmeta=01JQRMD6AK5SBECT6ZH56TF230&hash=item5306ba0b6a:g:4hYAAOSwPfln445H&itmprp=enc%3AAQAKAAAA4MHg7L1Zz0LA5DYYmRTS30mPzvflKpvq8Tldsz%2F4A9%2B4jyLsIGNv14ixk%2FcAxK%2F2bFpKVQDITjBw1hiybNWRZ9J6YrrgThLxY7dBrAqexirIFJrwmAG8wUurZotsFDKaW4rOLJlebPISgeK%2FPAXYi36Qio3b%2B4CwAXwvqoHEC8IS6hgM3MH3cujjB2QOBtX1j3slanTEKYoRgkDhAhm55oporyCtdQYSc00p4%2Bnpb12q0YN3vd9gCQYQaMWWxySwV--785Z8tSFskb4629phdm%2FQkvRfzHZuyI%2BVN%2FH6Fww5%7Ctkp%3ABFBMtOW0lL5l,12.01,0.0,Not Available,435.0
Misty's Psyduck Lapras 071 072/063 AR Set Heat Wave Arena Pokemon Card Japanese,https://ir.ebaystatic.com/cr/v/c1/s_1x2.gif,https://www.ebay.com/itm/226646018408?itmmeta=01JQRMD6AK6Q7D2HYY9AX945NY&hash=item34c527c968:g:RaIAAOSwqzNn180N&itmprp=enc%3AAQAKAAAAwMHg7L1Zz0LA5DYYmRTS30l8JjVtGtGf5mURW9Qo77rjIxsY%2BpgntPoXl7nKgfAJXnFGRyaeSzohq0rp9ACakAUu%2B08uMv86RFoafCiTqDknraU0%2F%2B9dozXcaU02P5PXKr7j7J3Z5klGCEaV1uMJRVkcqdq2i0%2FPMts575j5Be%2Bv%2FCKSDArCxkUYjHKHCgKjhcsQzv05Q%2B73AZvNd8JBwL5dr1jLpo0bKAVULUhAvpEk1XcvtNAWPyxUQmyjxKU3NQ%3D%3D%7Ctkp%3ABk9SR7TltJS-ZQ,47.01,2.0,Not Available,185.0
Pokemon Terastal Festival ex Booster Box sv8a Prismatic Evolutions Festa Korean,https://ir.ebaystatic.com/cr/v/c1/s_1x2.gif,https://www.ebay.com/itm/356666048282?itmmeta=01JQRMD6AK9DGJER9H7REK0B05&hash=item530af3ff1a:g:z58AAOSwGkZn082c&itmprp=enc%3AAQAKAAAA4MHg7L1Zz0LA5DYYmRTS30mVBNeGb%2BCxvhf0hHk5hv09%2BNKllyyFsY9J%2BaONv1EhJtQpwoPq1LqjqDMeKztJVSwjnrXHcfU9dmCMiKR6NZNIalKePz9PurDk%2Ff%2FcG%2BmOLXK5af2BME4%2BskXvkcmTaLDtLfKoOwFHbBkERhyzV03ZqNaDbTQvJKi%2Btou1kCGh7DUrJkqAYpG0Ti1n7yQctReQJ%2Bd0MoNvQs1nmkwQaBSDPvcqVyGGRg0PsIonhaUuBmeVuox%2FJEg%2BNB05HALIFxjM%2FdftS1Yoc6padEp6fQ5x%7Ctkp%3ABk9SR7bltJS-ZQ,50.56,0.0,Not Available,9908.0
*Sealed Journey Together Booster Bundle* Pokemon -Kid Icarus-,https://ir.ebaystatic.com/cr/v/c1/s_1x2.gif,https://www.ebay.com/itm/387939691073?itmmeta=01JQRMD6AKX19TW0TC53ZR7V6C&hash=item5a5301ea41:g:VnAAAOSwEWtnrlW0&itmprp=enc%3AAQAKAAAA4MHg7L1Zz0LA5DYYmRTS30mq4FTb0%2Fohixrt6tinvJzyJpFMa7kXAGh2uVI2QeE%2FM95W3hH4VqKnopk4gdX38UqCvwB4rh7m9S0N%2Fr0yXDOQ3ebKPEzSd%2BShCvb68JklKtdDgSgZ6Wqq15bU44JKMnVvf073p7uQGiPYoODvDWmMOsAJfJgg4%2FeAVAKI%2Fh0X%2BZp6Jt9dyB6ICHmNZD%2Blp89YczxMszfJ3DueQXzmgbBUAH%2FOkpLoCZUP5DBdUoTy89laP20PV85Bd%2BBbZeGRePR6X4OaGT9Y7Ve5lH2Al0Vu%7Ctkp%3ABk9SR7bltJS-ZQ,57.01,0.0,Not Available,326.0
[US SELLER] SV9 Battle Partners Booster 1 Pack Japanese Scarlet Violet,https://ir.ebaystatic.com/cr/v/c1/s_1x2.gif,https://www.ebay.com/itm/167287227872?itmmeta=01JQRMD6AKDQJP75Q1G3V4QR8E&hash=item26f31885e0:g:VFIAAOSwXDRnnYyV&itmprp=enc%3AAQAKAAAA4MHg7L1Zz0LA5DYYmRTS30mXtIkJmS8BqRdG8ETTH%2FEVc029h7hdSlxq6ZT2MMCd5gVc%2BQo%2Bydi9sH9T3fBYc4T4UfX%2BzXutARjqmefXukuZScOuLBNJtzQCosyuqCtpzAbduic7jOFxIMr3Y2545rikGWF7OEz4UP0L2HbqdS6CdzJ9IeTZ3gJpjLEg4uUQ82vnHZtiDoo9dqu10dybN9ycxo14pWWka62JezJxivTVFMJH40Db8xoDVpIl2povaTZrYeA0RarsTfPzeniN5%2F1fvwRuFt08LpG%2BtoUXR81u%7Ctkp%3ABk9SR7bltJS-ZQ,2.75,0.0,Not Available,205.0
1X NM Counter Catcher - 160/182 - Uncommon - Paradox Rift,https://ir.ebaystatic.com/cr/v/c1/s_1x2.gif,https://www.ebay.com/itm/197159668891?itmmeta=01JQRMD6AK0Y4NQ2YV60W7MCHP&hash=item2de7a1cc9b:g:wX8AAOSwsRRn6HOS&itmprp=enc%3AAQAKAAAA4MHg7L1Zz0LA5DYYmRTS30lpqGLGK%2FsAAKD9H6L53VjRgqy4hYuGZXgB8EfikCoufzEH%2FpPLzmG9gFlAaOMEMWcC08nm5YVEf0fMm9ENqpV8iUnXMKPUh0ciVDkB8STHfs4j%2Bi1s%2BS2VrzbMIB29hcE1g85oV2IbtAVJQJmnbqemtqTrUchbs6TecsBJn8xhtXCuU8dEik1ZTWzV1PwNifgGI9Y3K2acLm8AeT8fkZXFl1wMsttVxMpwconNrUYblfDmohTK1YI5PKwSIeJdkEg8YhK%2Fpa1KdbFrS2h3iz9N%7Ctkp%3ABk9SR7bltJS-ZQ,2.08,0.0,Not Available,61.0
55Pcs Pokemon Card Foil GOLD PACK CARDS TCG GX Vmax GX Card Charizard Rare USA,https://ir.ebaystatic.com/cr/v/c1/s_1x2.gif,https://www.ebay.com/itm/286415157021?itmmeta=01JQRMD6AKT7QMH7CSDKQBYKQ2&hash=item42afac771d:g:3zoAAOSwg8dn15Jd&itmprp=enc%3AAQAKAAAA4MHg7L1Zz0LA5DYYmRTS30mqRP8JjKhjmKEDLKjVK2jsnkC9Fqp5I6QU4Ha8qSQa8gnnul6sSLbyU4EOd9okSHp%2Fl5h2exGc6eLY26ykumXkZi9127vVafYfe2J%2BNoKCUnADo4Y9y0ccRhGxE%2F0fDujVpLDGwXRvc77NmAjNAFEaCpOI3Tbl%2F43q5X2EQh8CbRJhFpz8%2B4b%2FKkmKw8SHfDNaTvGrXNuCvjmevIgwz2l%2FT1wiJJ9YxBwWEgvYH1LbPFkQCTJ2PNjlzeg8rCTKG4SwcThC4WVMGDO8OEd8yTU5%7Ctkp%3ABk9SR7bltJS-ZQ,9.91,0.0,Not Available,66.0
Pokemon Card Lot 100 OFFICIAL TCG Cards + Ultra Rare | VMAX GX EX VSTAR OR V!,https://ir.ebaystatic.com/cr/v/c1/s_1x2.gif,https://www.ebay.com/itm/153121169168?itmmeta=01JQRMD6AKC7WSM96X6T90PVVR&hash=item23a6bb9f10:g:lbQAAOSwZZ5j5M74&itmprp=enc%3AAQAKAAAA4MHg7L1Zz0LA5DYYmRTS30nuCLRKcppGYIC1WZIA2GxKKD1SVTy%2FLhCNCFTjDBbjunhWV9zH7M3XcOweTef5x9EynSInyanPVm67DKHHHII0hNN%2FLAnmdA1s8iFaD5FdRILEiYQ1Dse%2BWcfkwE3oKGl7OQ6JbmmyoswRMDfgYmTPpQ01wzUaFbICNdSrMxLhUf9JlAxZecgBiQm8MngzYu7yHYvTwv3vzfgkyVTT%2B3jhkQ8GPl%2BNoeGGNF1zkPvYV%2BOAYhj3RsD%2BSzo%2BBzzPzt5D590cyvd8t40akiCS7mbp%7Ctkp%3ABFBMtuW0lL5l,19.97,0.0,Not Available,121.0
Pokemon TCG S-Chinese Horizons Gem Pack CBB1C Booster Box Sealed + Free pc card,https://ir.ebaystatic.com/cr/v/c1/s_1x2.gif,https://www.ebay.com/itm/126994334720?itmmeta=01JQRMD6AK569TXG295EKQHND1&hash=item1d9173c400:g:vecAAOSwqjFn1Qcs&itmprp=enc%3AAQAKAAAA4MHg7L1Zz0LA5DYYmRTS30m42SOsBrPuYrtXQgWjSwdKyN66kH9YatBBgFsWfzqk9gRbDxeE0VK%2BXDwT%2FSXmr4ttKuRAOrvsb7rNP64QXAPz0tNkSNnyId3WKZt0%2BtJxshCM7h9izhMnc8EcpcnG1HRHLU76GsjTC1RSDtZw%2BS1OuXt2QcbZLqkdEsN29anLibL%2BlafU573ht%2FJJYPmOSnx80Fc8l7IX8KZuz8iYrM6fckPznXhG%2BcYdovp%2FrxWkmy5d8ouIfnp2pWMhaQnJEYgOK%2BUKBTMnTW6QCQHPhcra%7Ctkp%3ABFBMtuW0lL5l,28.02,0.0,Not Available,14.0
New Foil Black PACK 55 CARDS TCG GX Vmax GX Card Charizard Rare Pokemon Card,https://ir.ebaystatic.com/cr/v/c1/s_1x2.gif,https://www.ebay.com/itm/146319591248?itmmeta=01JQRMD6AK2DT51KSRCB2Y9DJ2&hash=item221153c750:g:HFYAAOSwIiBnfQ4x&itmprp=enc%3AAQAKAAAA4MHg7L1Zz0LA5DYYmRTS30mpN%2FW4zDCR19V2gWNBiV8eMXBr1oyglXYW%2BL%2BMuUPyQoR90S%2BFURhsNMGXNoSlak9jH8R2cT3FGZDpCiJveM4bc%2BBXPVThMMyemrQXmjOQHMoTH%2BgsBpl%2BObNKm5wBtmIjJUOVw46B--oN0IvCeVDNR4LzuAGOgWVWKcAGiZ%2BIq7kH9won2u2566syCS4Z18Pw%2BpkdbUf19PyZ1nrePxykeetzNEHqKzB1uI1i2ObgR%2FAZwoCrAApY1JEoxX2UMsY%2B7cZ%2FWMhRi04XctTkgg3S%7Ctkp%3ABk9SR7bltJS-ZQ,12.0,0.0,Not Available,872.0
"In Stock! Pokemon Journey Together COMBO ETB, Bundle, 3PK Blister - Ships 3/31",https://ir.ebaystatic.com/cr/v/c1/s_1x2.gif,https://www.ebay.com/itm/226631648268?itmmeta=01JQRMD6AKNJ5Y1QB20RRXA0GJ&hash=item34c44c840c:g:4GUAAOSwuiBnyJuL&itmprp=enc%3AAQAKAAAAwMHg7L1Zz0LA5DYYmRTS30n4Kwv8gZjlzHq2OvFdXZNJC7uvFNNyA5B9T3azQ7aXVsAm%2B7F6haCCCnWoUjxcxD408XMZZRB8PvBDLOGSWkXvXpMDR1p57JI8B3%2BdoIPGNov8ruqBHq8%2BNNHMJOfKi1y3YiNU7WA%2FUCBAQ2gfHFeuKnoZu2EyWxva98rrvHsyuU7wfokP1H1W6onJsAKN4%2FVXq4Oeh7DvODJo0J93I6ULnAJ%2FsuT2XQ%2F9J%2Fcv1L0u0w%3D%3D%7Ctkp%3ABk9SR7bltJS-ZQ,180.2,0.0,Not Available,94.0
"Pokemon 151 Singles - Complete Your Set - Reverse Holo, Holo, and Regular TCG NM",https://ir.ebaystatic.com/cr/v/c1/s_1x2.gif,https://www.ebay.com/p/11062911690?iid=176806592241&var=476594752835,4.51,0.0,Not Available,59.0
Foil Multi-Color Pack 55 Card TCG GX Vmax GX Card Charizard Rare Pok√©mon Card,https://ir.ebaystatic.com/cr/v/c1/s_1x2.gif,https://www.ebay.com/itm/356535828369?itmmeta=01JQRMD6AK4TP9HWX3083VNFMR&hash=item530330ff91:g:CiEAAOSw7B9nouCS&itmprp=enc%3AAQAKAAAA4MHg7L1Zz0LA5DYYmRTS30kTzXDSX1uTtbo8GdmzpOVSq0n4djOqhhJIO%2Bx8MIWZ5HBhMDgnjCx4UpaljbbGb2mK4SJHI2awWyvBymZ67KXoF6R0IpfTMPx43Hxnv1%2FDu40uRms2WZ8nsR2T2m5yyrXJNOMCGFZyZO%2BQOLAjoTYOttAD%2FILCQllhDAdqKFj5CHoET53c44SisQ%2BoaknYDlozv4ceI8Mk0KmkmZsaOoT23PlG8e%2F4Sn1WpfEQ%2FQqoPZ9d%2BXvH%2BHpU1zfFCUaL%2BAUpN4lfDyoP1x6gFaw0KJN2%7Ctkp%3ABk9SR7bltJS-ZQ&var=625510449582,12.4,0.0,Not Available,755.0
Pokemon Scarlet & Violet 151: Choose Your Card! Holo/Reverse Holo EX Cards NM,https://ir.ebaystatic.com/cr/v/c1/s_1x2.gif,https://www.ebay.com/p/19062924999?iid=156734270341&var=458115982343,18.01,0.0,Not Available,84.0
Pokemon Shrouded Fable: Choose Your Card! - Holo/Reverse Holo/EX/ACE SPEC NM,https://ir.ebaystatic.com/cr/v/c1/s_1x2.gif,https://www.ebay.com/itm/156468028147?itmmeta=01JQRMD6AKA55Y5ZK0CW2NBDEW&hash=item246e38a2f3:g:yqIAAOSwGJ5nNY9s&itmprp=enc%3AAQAKAAAAwMHg7L1Zz0LA5DYYmRTS30nyeq07swvT6rR8dgqZWSCmmvh2ILPZ7G0WFXgrUUBD8T7r6BMPaXksFAH7NNcyzmWdacbuQVai6Lce6Q8SQpXQURjOJYvhm%2F6qOJ3cCZCyCNFjZ3TaIo6WxgPixJ5Ok8H7%2FHekm5CajKvFq0IdfW0bVsj%2BM%2BjTQNbLy9r0yujECo%2F6We6sb%2Bbebi46Ygr3ymOSk9NfU3D8%2BTdfYHjm6a%2F45AudlktKwkmpyG%2FfXGEfpg%3D%3D%7Ctkp%3ABk9SR7bltJS-ZQ&var=457581370066,90.1,0.0,Not Available,102.0
Pokemon Cards Game - Misty's Lapras AR 072/063 SV9a Heat Wave Arena Japanese,https://ir.ebaystatic.com/cr/v/c1/s_1x2.gif,https://www.ebay.com/itm/226645755800?itmmeta=01JQRMD6AKFXQXMQCQDBRTV1WY&hash=item34c523c798:g:toQAAeSwHvFn02oe&itmprp=enc%3AAQAKAAAA4MHg7L1Zz0LA5DYYmRTS30mWwU6oVR30xNqhGSEqckGQhKCzcn9zOMorjYtydbtc0WuDppeUybHttZm1RnbS1RGW6mwa2mJOYB4hXHWZViLDGeJ7hWusljY11yBi8Yoimdcwzd%2FPsDBxvCk1C47qwCvDTdaMG8PLTxCSW5xsEulvdnupZrI%2Bwammi10QeLn3nrtPtwwPXGRrhE5TMDGPGS3o08PhsN1pORvIZnR8Frw4HdioH3qpVo8HahCxhtmKOirCQQ98M0JS9Kp1zNG1LUwUQ%2BD%2BWHbAaewyidEEeGx4%7Ctkp%3ABk9SR7bltJS-ZQ,13.51,0.0,Not Available,5895.0
Premium Pokemon Box!! $50 Value.,https://ir.ebaystatic.com/cr/v/c1/s_1x2.gif,https://www.ebay.com/itm/395911885409?itmmeta=01JQRMDAEXTANBV23R0472XMK3&hash=item5c2e2ff261:g:3L0AAOSw4~tnF-iN&itmprp=enc%3AAQAKAAAA4MHg7L1Zz0LA5DYYmRTS30kGb0nX7f170KWWEFwMDP3Fek2D2oU2f%2BkwzDFKhWYZnsIb1%2BMG%2Bcbx%2FDDLfFjvEmUFR%2FoWcpJg8dzMPAQfuBRLEO0bkNLRoMYeQFQVK4rgrjXDvl4KHwDb%2BdFPKHMOyAUlJl7N63GExUwCk8iQ1WvVkHEk%2BWHmtjfA9IvSYAzwjK6QGQkw5bPZC5K21PtMrw0ZDNclN9XQYQi%2FXNw6YytbdzFCK%2Fb8uhlhV8D9lYD2irLRTJldmhcI94iPXMXbIfImjtLrqVYaR45%2BE%2BJgGD6n%7Ctkp%3ABFBMyqe1lL5l,45.05,0.69,Not Available,256.0
100x Pokemon Cards Bundle - Ultra Rare EX/GX/V Included + Holos Shinys,https://ir.ebaystatic.com/cr/v/c1/s_1x2.gif,https://www.ebay.com/itm/315323705147?itmmeta=01JQRMDAEXAHZCXJFTVX6W47WH&hash=item496ac1e73b:g:N5kAAOSwhXlmK6re&itmprp=enc%3AAQAKAAAA4MHg7L1Zz0LA5DYYmRTS30k29xb2xFj6K8wGPlfcFamirD98%2BL8vQUGyCquNJ1MA31Eew30aCsvwqYaSiGI1dbQBhytYl4d0OSdRcP2LBYp2rd4Rq3%2BnPl1CudjSyinrPyHUFhDzFw5jAeyyPypKgLHvfIloY%2FF%2Fx9yH6v%2FsWknJTPZENsJ6zern9cwIRuNzZuxKUPrYawGnEFs5riXqZ4kdgE84UBGx2osNPZ%2FsnVmTlvWl0QdFvxnKhdXCtTl9F2tRtrGc%2BfHOZX2jlHRw6X9aPprJboT5yoqKuT8AfzEp%7Ctkp%3ABFBMyqe1lL5l,12.92,0.0,Not Available,883.0
Pokemon SV Shrouded Fable Reverse Holo to Ultra Rare 1-99 You PICK!,https://ir.ebaystatic.com/cr/v/c1/s_1x2.gif,https://www.ebay.com/itm/335553765532?itmmeta=01JQRMDAEXF5FR9PNQQZT30FEC&hash=item4e2090209c:g:pbkAAOSwXh9m5R6N&itmprp=enc%3AAQAKAAAA4MHg7L1Zz0LA5DYYmRTS30l%2B2%2BXx%2BgA57ewOrQJlIEpTLfLDEJgs2ul%2BEfYHKyP1ROzihnk3MUaR0Sl%2Bf3Gi4QNqCs3w1kwVSzPWCWxrhx7pPu%2FHgsuLOZBRGCXE%2FmEAk508FiXtPjoneZ19AdsFRu4vZ9cJIEKNzf4eDiNbBCfRMbqPdxroHdTaf1yIS8WCGKj0dLJwvEqjBQny33B00aoeWAXjsbDz30KE%2BaHffGCKsO1FsErxpzPrZfeZdZQEStT1q9mDcRjhCAqXrl41ldCPnh6Apx2JOILUV31Mu7gT%7Ctkp%3ABk9SR8qntZS-ZQ&var=545078372041,78.08,0.0,Not Available,963.0
Pokemon TCG SV03 Obsidian Flames | Choose Your Card | Holo/Reverse Holo,https://i.ebayimg.com/thumbs/images/g/3L0AAOSw4~tnF-iN/s-l1200.webp,https://www.ebay.com/p/26062150211?iid=156728193738&var=458107669144,12.0,0.0,Not Available,13.0
Pokemon TCG Stellar Crown - Choose Your Card - Holo/Non-Holo/Reverse Holo,https://ir.ebaystatic.com/cr/v/c1/s_1x2.gif,https://www.ebay.com/p/15071606281?iid=387885178919&var=655320720528,2.99,0.0,Not Available,227.0
Pokemon Journey Together SV09 3-Pack Blister Set of 2! Brand New Sealed,https://i.ebayimg.com/thumbs/images/g/N5kAAOSwhXlmK6re/s-l1200.webp,https://www.ebay.com/itm/167417687846?itmmeta=01JQRMDAEXX1VMHB85HC63TPDG&hash=item26fadf2f26:g:MwIAAOSweeRn5CnC&itmprp=enc%3AAQAKAAAAwMHg7L1Zz0LA5DYYmRTS30nCeK6vbaC2%2BsBKgG9ewwUgXGLNejZqMuyYvp9ZmsmBc%2BGt5QjOO6CqLfkZy20DrO3PBRZs1mGcoDAWGiO8VnhPjD%2BIESZbLFRJwnNkvfeUw9XQxfSHjGVOC1soAgJYblMnkKbLQClELW84NTCX95D%2B0MMtEwWxjqcgEAB2xTvl3UCrDOMkaTp%2FIUCyq%2Br5%2FkD9lySxszT69XHFxVfdhS2dUK7E3EJRBTbLEl7IrwOorQ%3D%3D%7Ctkp%3ABk9SR8yntZS-ZQ,49.94,0.69,Not Available,847.0
Arven 166/198 Sv01: Scarlet & Violet Base Set Pokemon N/M Free Shipping,https://ir.ebaystatic.com/cr/v/c1/s_1x2.gif,https://www.ebay.com/p/9059501555?iid=116450696470,1.99,0.0,Not Available,296.0
Shipping Upgrade With Tracking Number,https://ir.ebaystatic.com/cr/v/c1/s_1x2.gif,https://www.ebay.com/itm/395970065884?itmmeta=01JQRMDAEX70J6QCAX4AF311M9&hash=item5c31a7b5dc:g:9TIAAOSw4p1nUa0Y&itmprp=enc%3AAQAKAAAAwMHg7L1Zz0LA5DYYmRTS30mdv5vZB7t119aqtgJO4YPCVgcuke5Hoa%2FIorIHZasUPjvtfohugB2cjZBtcZy4XHHOIocArCjYmuE%2FfU%2BXL7nKt6aMCWYsdwQPJY%2BQrkMDL8kwuwKmeUnznitmHbyiyEkvCQB63EO60h2mF1Loaz4OwxZIksQ8M4GaB3evNxSKD1hFJzFnfgUVLQ9qLNUqvWS9pZwagXncIjWm8%2FkOPEabCUsPmeqF0B501EvUTyCDLA%3D%3D%7Ctkp%3ABk9SR8yntZS-ZQ,4.0,0.0,Not Available,441.0
Pokemon Card Scarlet&Violet EX Booster Box Terastal Festival sv8a Korean ver.,https://ir.ebaystatic.com/cr/v/c1/s_1x2.gif,https://www.ebay.com/itm/205237688059?itmmeta=01JQRMDAEXRGQGCQYCBSGY77D8&hash=item2fc91e96fb:g:y10AAOSwahZnkFg9&itmprp=enc%3AAQAKAAAAwMHg7L1Zz0LA5DYYmRTS30lxA8npRIIBzMY3Nd1z08vPNIk8iMH0wajD7r6bTYcrAGDvbNU3L%2BVLjsLbZt6%2FU15zr09FBXCeuXfFYPAF%2BNIy9ukg0qpq4GPzRNA6hvoHGyr%2BRPqqhQ79l4ydJWuxYY11w3jZudR2JMM83VTGfgKv6gjf8M3kkSVJ%2BFhyro0JbXuae72zdq5CxETPlC8VqDiUSLrENAXOjla4wOOnVIEFgSnOIkRAySzOs1vq%2Fdnr5w%3D%3D%7Ctkp%3ABk9SR8yntZS-ZQ,50.05,0.0,Not Available,658.0
üí•MYSTERY GRADED CHARIZARD POKEMON ULTRA RARE CARDüí• PSA | CGC | BECKETT,https://ir.ebaystatic.com/cr/v/c1/s_1x2.gif,https://www.ebay.com/itm/156539052556?itmmeta=01JQRMDAEX3TK7YDVCJDQWZWPH&hash=item247274620c:g:Ab8AAOSwB4hnQd~A&itmprp=enc%3AAQAKAAAA4MHg7L1Zz0LA5DYYmRTS30lRh1M2vA3mtUSuoWzM%2BQtcQpEIFg37j%2BkOFXXmg4%2F9bm40XNiUXka%2FSCRB9zH5AxE81vnRnZF7ZVMnp%2F%2BbK%2BgPXviPNW9Lfqhu3ITc%2FfXX2qMyCK8lVRdBm5y4AINsE%2B5mwGgZrT%2FUVsz45XidqhPdtsFmBoVzxy%2F9UDf9LtxWyLA140csaseqMiWZnR1ALpwZk4x28frro0dYhsY%2FfyWUJjATJTKPxiYpN4FfX89obXr5DQ9EkOZ%2F3SVrYnoIoOasxPAOsUcJXV%2BMhTvFBVKO%7Ctkp%3ABFBMzKe1lL5l,59.43,0.0,Not Available,363.0
Pokemon Trainer Gallery: Choose Your Card! Full Art Galarian Trainer Gallery SIR,https://ir.ebaystatic.com/cr/v/c1/s_1x2.gif,https://www.ebay.com/itm/156731105968?itmmeta=01JQRMDAEX8AT31PYAXF6CBEMD&hash=item247de6e2b0:g:dqYAAOSw65Rnu58r&itmprp=enc%3AAQAKAAAA4MHg7L1Zz0LA5DYYmRTS30n8Npm6us%2Bm9Lwe36yafOEkKf38b2cXN9rbjZSdm2AKZoGoY42zzednvkpNmXIM8fX5YIlZYTVV%2FxdsX0lgx5P8HlFp3ozK7YGtciAHq0kxpZesjnHeBScyXuCEuvyMzWZKGWJScdcVZOl%2BI1HWObqIxGnJEkrZp5%2B6FQPbXhz%2FW%2Bk36TPrga1ywdDft3FFWW5puEGfyflMIEJVBRVI%2BfQ1lcgbM7d64tG86oklyOTrUIlkbgJlDzZloCAwNFyW2Yurqt26X2q5TksXwli06zEF%7Ctkp%3ABFBMzKe1lL5l&var=458111474615,150.17,0.0,Not Available,85.0
Pokemon Card Heat Wave Arena Booster Box sv9a Sword & Shield Japanese no shrink,https://ir.ebaystatic.com/cr/v/c1/s_1x2.gif,https://www.ebay.com/itm/326485538912?itmmeta=01JQRMDAEXEK6N6595TC96JW42&hash=item4c040df860:g:5t8AAOSwPQxn2KaA&itmprp=enc%3AAQAKAAAA4MHg7L1Zz0LA5DYYmRTS30maPyS12vpibDQXJFvlwbzWZsBAdSADzxdcaKA2It9qpEAzzDQTTyTiPMjx2ZbcN4fI%2FEcpQ4C8O%2BObLiEz0%2BOPnri%2BFFvaSRH3vhDTfIB7VaxDhKqA4PmV4A2fbgId8zfG2OovUPbOqT6Eqnv6bmD3BeQHmnYafhZNCNTfWC0fcrrfyP2w4m8QXrjOg0a0UBH84UH0%2BzixFa%2BSoxEb2kE8OFvJGiHjuHJEboNWMlDbY3AoqyQkPekhAhsGwUXr0aYfm7lTX7EgGkRWP9%2F%2BnuSS%7Ctkp%3ABFBMzKe1lL5l,113.1,5.0,Not Available,50.0
*US SELLER* Pokemon TCG S-Chinese Horizons Gem Pack CBB1C Booster Box Sealed,https://ir.ebaystatic.com/cr/v/c1/s_1x2.gif,https://www.ebay.com/itm/267151943510?itmmeta=01JQRMDAEX5H0MJFS1FCST8VVZ&hash=item3e337f2756:g:PDwAAOSwNu5nqmGS&itmprp=enc%3AAQAKAAAA4MHg7L1Zz0LA5DYYmRTS30kWNoXLPB302MpSNQRmrT4xZQq2Ddp7hxHEKTqkfpPEFXRayDGNlDHvIbiVjy3hh5Pk3yclqpZBT%2FSnWEdnPJFNZLBGr7Uow11ZDAUO5blNQt6bxyvUeHgFUyGHzSKmqoX%2F30L%2Babtw%2FraeWVWPPjoyEjbTEU00V1PUwoI0XzDpTkKtKVHfNgbn9rubIO2f5NebYi04pZbfrCzgyIrZLN8wh69lRpPdElf5RlUWEQkdEnUjJedJsONcAcPvNNNjf03UYXQ80lOrfieNDQ75qfEh%7Ctkp%3ABFBMzKe1lL5l,35.03,0.0,Not Available,10.0
2025 IN STOCK Pok√©mon Exclusive Chinese TCG Horizon Gem Booster Pack Sealed Box,https://ir.ebaystatic.com/cr/v/c1/s_1x2.gif,https://www.ebay.com/itm/235144643731?itmmeta=01JQRMDAEYDW0KXMBV24E500QS&hash=item36bfb68493:g:dEoAAOSwm8Jnkc3m&itmprp=enc%3AAQAKAAAAwMHg7L1Zz0LA5DYYmRTS30mqRFb%2FjM1vNzvt04wZyzzyCpDUfEsYsO1mc0OQy2q9mZqz7bPqdYtPFe5SxopTWTIHOPfNap3hfQikXpc8TwY83DD5zXYmbWOjALrRIHpHY3MunCN9DCieESmTbe492sS5VD70jN1dUhgE7Fe8b%2Fe%2FRbJ9045WMPcAqseIRIEC00KCjNQhhd4R4Cxx3jQ1KLvgXKLimauw7Nwl%2FwGxU8tIk%2BAQJqRJLVqtQ15bxkFOjA%3D%3D%7Ctkp%3ABk9SR8yntZS-ZQ,21.69,0.0,Not Available,48.0
Pokemon Promo Of 3 Chinese Card Pokemon  Sealed Arceus Pikachu Leafeon,https://ir.ebaystatic.com/cr/v/c1/s_1x2.gif,https://www.ebay.com/itm/355694421073?itmmeta=01JQRMDAEY1VS1ZN7QNE3T4Y32&hash=item52d10a2451:g:ZjMAAOSwRqhl6rMc&itmprp=enc%3AAQAKAAAA4MHg7L1Zz0LA5DYYmRTS30mgvKdY7ck6CRMarFmudUAqh9%2BRStyLxsBNDfiqSFhIQynyV%2Bno3GJrqtEtFVbPKTypGi2X1nni5DfMMp24eCJnI47nQ9pD3lzxtoI5RoyCbnzFKVE0aTl8ro5xeLqdJm4%2FzvAU4r65%2Bj71T2tPfqS6xTxtULgrbXNYEOUdu7lqKAcWNH67OmHlJwXWKkj297hint7iLfFgltw5DszjwGhDF6Cgf%2FV8qmLptL2p1u0D5kZ1gZ7b8YNBWn1hLOV4tPEgjm7yHTfKNF4wc5GVFoxd%7Ctkp%3ABk9SR8yntZS-ZQ,11.0,0.0,Not Available,151.0
Gastly Haunter Gengar Pokemon Card! Holo/Reverse Holo EX VMAX V GX Rare Cards!,https://ir.ebaystatic.com/cr/v/c1/s_1x2.gif,https://www.ebay.com/itm/156774759554?itmmeta=01JQRMDAEY0SXG5FJF03R8HJZB&hash=item248080fc82:g:htcAAOSwdmhn2qZu&itmprp=enc%3AAQAKAAAAwMHg7L1Zz0LA5DYYmRTS30kBPL651NOIUNZF4vETtmvIJlSAyuyb1LveEF1V3RcBuG3kBcugRcN6cQe1C5UTorlE0Kz5VlnczQl61855vu63abqVaHvSup99fn3OOS727XgdCaRBbP80us2YeUyHsdxafiT7qB3IkILmgfLeGbkSPHvmpSCBCsO6XXEgAl%2FzMKrGcEmcOgq8%2Be6jz7TyoH0m1aQQxrDii72BAYGh0%2F6K6fb50JPBTYSVUhEiWa8Xhg%3D%3D%7Ctkp%3ABk9SR8yntZS-ZQ&var=458163607468,300.34,0.5,Not Available,147.0
Heat Wave Arena Booster Box Japanese Pokemon Sealed New US Seller,https://ir.ebaystatic.com/cr/v/c1/s_1x2.gif,https://www.ebay.com/itm/167392670846?itmmeta=01JQRMDAEY2HYSRPMN7SDPY99W&hash=item26f961747e:g:VdMAAOSwNvJn1GpD&itmprp=enc%3AAQAKAAAA4MHg7L1Zz0LA5DYYmRTS30k70%2BjDQMutJqQxXGPlTwW297LxBQ4Odhr9nbyktifbvAz0r4dqKgPvZsfyXx3mHSdjMtlNOHXIFizwW7DGn2r2euZIpyeDbljF1cVvacLvPTC9uZVP%2FIQT43jSx4uovNZpdCqHCDcg9tAf1nLBzzVSDkZeGkgFvR4Z7Aqf2AWqSNaJWixEtQqdBTKwzZJ9btcjacBaOEHz%2FnwrVSL67EGxDeUPLpWtkeiXTDoqSngBJLxO0%2B4g8%2F2ePyIFOtRYdHRk%2BFlt6t3Pxyut3aAJTEXa%7Ctkp%3ABk9SR8yntZS-ZQ,115.04,0.69,Not Available,71.0
1X NM Pokegear 3.0 - 186/198 - Common - Scarlet and Violet,https://ir.ebaystatic.com/cr/v/c1/s_1x2.gif,https://www.ebay.com/itm/197077458847?itmmeta=01JQRMDAEY0KRJ8R3QH1QAQPQ2&hash=item2de2bb5f9f:g:A7wAAOSwHIhnx5k~&itmprp=enc%3AAQAKAAAAwMHg7L1Zz0LA5DYYmRTS30l45b7hQDKN2wrogd%2FE%2FXrp5Y2ubkoWdvwYWIRZuS5r2INEVBP98DJ4G3dkrZ%2BlM7neFsPtVMWJVmIdNypFse9ypdJxLJ1wi8fhAWgd1DLZ0dxeC2TAveOv%2F2IS4q8DTBOtyZFEzMVXcWPfyZifTp76XXfjRRcel1Hy6sD3niIg8jP7Z3ALM%2F7vp%2F9f4XI05WJabN7g1RNXvLlNEgaDUwxgYfsjYpnGD%2BB7hLxeoGUqpQ%3D%3D%7Ctkp%3ABk9SR8yntZS-ZQ,2.78,0.0,Not Available,370.0
"Pokemon Singles - Various - PROMO - Eevee PRE, N's Reshiram Journey Together",https://ir.ebaystatic.com/cr/v/c1/s_1x2.gif,https://www.ebay.com/itm/167395909032?itmmeta=01JQRMDAEY2PARKPZXGSZN5Q8V&hash=item26f992dda8:g:DsMAAeSwSFpn61yk&itmprp=enc%3AAQAKAAAA4MHg7L1Zz0LA5DYYmRTS30kbgEal%2FmIv2zycNFb0N1OmtoPvSe11cWGoJ9tVbYWvYV%2F4NNvJOzYPKsdvB5LYzipM95bny%2Bbs19Sj%2Bgz30WRNXDrr5Vs8co7WH5O%2B5q7sKLbQtB9fZ3%2FXdMeYgquMz848T5yMecO6kIGpeLyy60Mm3nXEM%2Bh1d6bkI0SAicZITMuLMfOZ6OUYUadnJ2XTmMA6itA3xSKCVAaoNIdL61AVb4PioO8q89G73X9cBZRxbZzV4WkTinf6WU1412ghYhy58v3ZpUP62LSUOu2gvhNQ%7Ctkp%3ABk9SR8yntZS-ZQ&var=467050577643,17.02,0.69,Not Available,173.0
151 Scarlet & Violet Pokemon Card Reverse Holo and EX CHOOSE / PICK YOUR CARD,https://ir.ebaystatic.com/cr/v/c1/s_1x2.gif,https://www.ebay.com/p/20062925132?iid=235589955664&var=535824201421,6.0,0.0,Not Available,200.0
Pok√©mon Pokemon 151 Scarlet Violet Booster Bundle English TCG New Sealed,https://ir.ebaystatic.com/cr/v/c1/s_1x2.gif,https://www.ebay.com/itm/167404915490?itmmeta=01JQRMDAEYJ8T8ABE75MEYX4ZN&hash=item26fa1c4b22:g:VGUAAOSwOQhnv12s&itmprp=enc%3AAQAKAAAA4MHg7L1Zz0LA5DYYmRTS30k1fg%2BEZTNGMQ7ToLJ3iaQ1Rd2f0nBGxH1IQNxQUAehqO3UzaaoC9p2xAC9gW6Vez3aYUBTosVDtYgI%2FBLNVIdJGE%2BwgjKJ%2B1Dz3GtJ%2BpaP6iwUS0YSmr%2Fm4b2F9GxqD%2FVaH7y1BcV540pkeOBmG4ABdaQKyLJEWKaR%2F7OAKhmHMwEIaCmth%2FVyaPoLxT%2FVApf3BGpR3l36MnL1MVXJbUqWrbYvPEB2%2B%2BWYYtRCK050mWtCs7zgcFr8WPYIOKRcVnJ8Iz3KW%2BlE1Ap6BD4vshno%7Ctkp%3ABk9SR8yntZS-ZQ,69.98,0.0,Not Available,113.0
Pokemon SV3 Obsidian Flames Reverse Holo - Ultra Rare Single Card 1-230 You PICK,https://ir.ebaystatic.com/cr/v/c1/s_1x2.gif,https://www.ebay.com/itm/334985403072?itmmeta=01JQRMDAEYCW104XJ6S0086FC0&hash=item4dfeaf9ac0:g:fMkAAOSwhN9nb3vl&itmprp=enc%3AAQAKAAAAwMHg7L1Zz0LA5DYYmRTS30nZzdRDmzfcaE2LBk2ccaFNYJiBWVyOl6BlpjGvpHxC44rW4hrLn69yEvDIGteXj6dIOxv3iVAZPdCzPC6eaobPDPZp8Zq1CqjIpVpyq6CKDoD%2BW5tZGzyqKuweFKA%2Bbx3wQfb5jICMZwNjVTpWKYk94g2V%2Bn2Ci%2BuWPwnnlLPHxPgiYBPkqXZdN60O0GKJNa%2F%2BaolzLXy7D99U8wNfkpG3%2Bsz6%2FiC4P0gV1R6XBLiBdw%3D%3D%7Ctkp%3ABk9SR8yntZS-ZQ&var=544206775220,100.11,0.0,Not Available,11.0
"Prismatic Evolutions Pokemon Singles | Common, Uncommon, Rare, Choose your card!",https://ir.ebaystatic.com/cr/v/c1/s_1x2.gif,https://www.ebay.com/p/19074364632?iid=226624977874&var=525811326266,0.99,6.0,Not Available,79.0
Crispin 133/142 REVERSE HOLO x4 - 4x Trainer Playset Pokemon S&V Stellar Crown,https://ir.ebaystatic.com/cr/v/c1/s_1x2.gif,https://www.ebay.com/p/7071614785?iid=256872700704,4.96,0.0,Not Available,1615.0
New pokemon cards JAP. Pikachu EX 003/106 RR RPA 10,https://ir.ebaystatic.com/cr/v/c1/s_1x2.gif,https://www.ebay.com/itm/356397168423?itmmeta=01JQRMDAEYGWNMEQBVT3XXGX2G&hash=item52faed3727:g:KQoAAOSwlb1nZ2Kg&itmprp=enc%3AAQAKAAAA4MHg7L1Zz0LA5DYYmRTS30kuZCQBG4CvAOZDTO%2BIB41mN6Gvr3gRkO8yI2sf9YVGvwSlrMijS4Djzaua9YSmlwamMCVuXdGAzIxS8sa4Bq4U2jiUWJbyfw%2BzlMXD1HBxnPciJHC90L9dMHypYh9FS4lpkjb9HtrAfGPrazXHveM%2BEuTWfZwMQcXadRH8JgVhaYZicex5ZJKpjYASpa57x163S%2BwBXRkHcNZe9YXZ02OTU06wDd0pq8Kq9tbumIe7EIWpfoFaYITG8dYs%2BpY4MNKOAj5J%2FLel%2BAW64JgFe5tP%7Ctkp%3ABFBMzqe1lL5l,16.01,0.0,Not Available,193.0
Pokemon TCG: Scarlet & Violet Prismatic Evolutions Binder Collection New Sealed,https://ir.ebaystatic.com/cr/v/c1/s_1x2.gif,https://www.ebay.com/itm/326413171305?itmmeta=01JQRMDAEYKPHJWQ8AXRR3X6R5&hash=item4bffbdba69:g:1T8AAOSw9LxnjwUC&itmprp=enc%3AAQAKAAAA4MHg7L1Zz0LA5DYYmRTS30kak8OukgcihYnXs%2F0PurwWp4zHnmjuJDyPEwkDrbvIegtuZz1xLjsD0HthpgpixwimXVdwfRtqs--ZDmQX05NOHwWvCqb1XaLwJLSpDA5XdsLlPWPfyZ84fG50hfo8DH7%2Fa77bDLLsA16veiVdnV%2Bby3TVHP8O5LNtQN72NsQs4z2GP8yDN1wZvM%2FuwCubBq9xzSHEItO4W%2BYeybDRni%2Bb7zAv4mwCBcJ0DBTUEqiSomNGVh8Kcom9a%2FQcoHeo%2FBsrBVDZuU2rb8%2FWOfzANv7%2B%7Ctkp%3ABFBMzqe1lL5l,85.05,0.0,Not Available,46.0
"Pokemon Set Binder Stickers ‚ÄúFront of Binder‚Äù (6.5"" or less)",https://ir.ebaystatic.com/cr/v/c1/s_1x2.gif,https://www.ebay.com/itm/256126411814?itmmeta=01JQRMDAEYV9PH6W3Q6T9XSCQ1&hash=item3ba252e426:g:wCEAAOSwGp9lEee3&itmprp=enc%3AAQAKAAAA0MHg7L1Zz0LA5DYYmRTS30nq7i1Qm0SOP0y8YcvgrPnrWF5DvFHtm3q13%2BRRXoqMTF1PGtf7Dlm3oldPieV3OouOiWaRjNYUfsqlZczUpso2ugdoj2BqQ5GcA6ML3wccR8KKY3OryJeXJ%2FsNa6BWWWhML6ykKuK7OEVKM48YnKalswGRQtGPIxS7i3jOBK91JX1av9Gl%2FKfk8UUZXnIpfZAGh7djljt%2FADgSodZarlmitwEM6sDgjGTjEnFYVZ4vP6nO2FLKuf%2FAwcCdNLDdV2E%3D%7Ctkp%3ABFBMzqe1lL5l&var=556345411055,80.08,0.0,Not Available,16.0
Pokemon Card Lot 100 Official TCG Cards + Ultra Rare | VMAX GX EX VSTAR OR V,https://ir.ebaystatic.com/cr/v/c1/s_1x2.gif,https://www.ebay.com/itm/326367653149?itmmeta=01JQRMDAEYYV2VWE499G8F34CA&hash=item4bfd072d1d:g:sT0AAOSwAnBmNrz-&itmprp=enc%3AAQAKAAAA4MHg7L1Zz0LA5DYYmRTS30kAQ%2FKJ0O%2FdfJIaZhbwbcH%2BtoAySxCikxXBZL2%2B8xW1cTAPadCABaZHOnKBS2eTdeviKUWyhtDIFxBVgqgVEPtoPLR0goqnj4w3eO4HKR6IWmAnLn8njYVjPr4DVkNfFXj0t0ZwQh8qWHO%2Bx3PuNiY9uk0S71g%2FihxP6ezGAzYYkZk22F2%2Bq%2BhykFFv5i1n233yxmy0lFeuYNv9TNvDc2zrBGklQCOwerJzoWUTcAymPpfS7rh%2FABT6%2Be%2BsvdXgBrca75T85nyi%2BKVvNKZDob8b%7Ctkp%3ABk9SR86ntZS-ZQ,14.02,4.46,Not Available,186.0
Pokemon Shiny Vault - Hidden Fates & Shining Fates Choose Your Card! English NM,https://ir.ebaystatic.com/cr/v/c1/s_1x2.gif,https://www.ebay.com/p/11044738444?iid=394761622964&var=663740708906,200.24,0.0,Not Available,3996.0
